1,1,bubble,2018-03-19T19:58:51.974Z,98.33071968,1030,0,Toolbar Item,1
1,2,bubble,2018-03-19T19:58:53.567Z,414.2259372,1000,0,List Item,1
1,3,bubble,2018-03-19T19:58:55.643Z,542.7785883,1107,0,Toolbar Item,1
1,4,bubble,2018-03-19T19:58:57.766Z,346.8145483,1187,0,Grid Item,1
1,5,bubble,2018-03-19T19:59:00.831Z,493.3544764,1633,0,List Item,1
1,6,bubble,2018-03-19T19:59:02.930Z,74.48501609,907,0,Toolbar Item,1
1,7,bubble,2018-03-19T19:59:04.508Z,401.9444238,1038,0,Grid Item,1
1,8,bubble,2018-03-19T19:59:07.029Z,417.5795158,1488,0,List Item,1
1,9,bubble,2018-03-19T19:59:08.854Z,543.2553741,1155,0,List Item,1
1,10,bubble,2018-03-19T19:59:10.843Z,562.4619487,1270,0,Grid Item,1
1,11,bubble,2018-03-19T19:59:12.857Z,467.4440547,1079,0,Grid Item,1
1,12,bubble,2018-03-19T19:59:14.700Z,331.3787345,1061,0,Toolbar Item,1
1,13,bubble,2018-03-19T19:59:16.768Z,372.9662047,1185,0,List Item,1
1,14,bubble,2018-03-19T19:59:18.299Z,323.9704503,922,0,List Item,1
1,15,bubble,2018-03-19T19:59:19.801Z,358.2070189,929,0,Grid Item,1
1,16,bubble,2018-03-19T19:59:21.814Z,360.9614304,1232,0,Grid Item,1
1,17,bubble,2018-03-19T19:59:24.069Z,428.2468685,1311,0,Grid Item,1
1,18,bubble,2018-03-19T19:59:26.051Z,282.8914647,877,0,Grid Item,1
1,19,bubble,2018-03-19T19:59:27.678Z,377.8063192,952,0,List Item,1
1,20,bubble,2018-03-19T19:59:29.304Z,335.5220784,1029,0,List Item,1
1,21,bubble,2018-03-19T19:59:31.006Z,397.5980261,999,0,Toolbar Item,1
1,22,bubble,2018-03-19T19:59:32.819Z,441.515574,1279,0,List Item,1
1,23,bubble,2018-03-19T19:59:35.055Z,545.3236896,1431,0,List Item,1
1,24,bubble,2018-03-19T19:59:36.906Z,336.3338599,855,0,List Item,1
1,25,bubble,2018-03-19T19:59:38.269Z,325.5452391,906,0,List Item,1
1,26,bubble,2018-03-19T19:59:39.795Z,309.8501298,928,0,List Item,1
1,27,bubble,2018-03-19T19:59:41.092Z,322.33161,825,0,Grid Item,1
1,28,bubble,2018-03-19T19:59:42.853Z,397.8849643,828,0,Grid Item,1
1,29,bubble,2018-03-19T19:59:44.610Z,335.6000076,1044,0,List Item,1
1,30,bubble,2018-03-19T19:59:46.106Z,258.107476,1007,0,Toolbar Item,1
1,31,bubble,2018-03-19T19:59:48.443Z,399.1087285,1286,0,List Item,1
1,32,bubble,2018-03-19T19:59:50.318Z,628.6763349,1169,0,Toolbar Item,1
1,33,bubble,2018-03-19T19:59:52.183Z,334.0564363,935,0,List Item,1
1,34,bubble,2018-03-19T19:59:53.984Z,239.6955961,1200,0,Toolbar Item,1
1,35,bubble,2018-03-19T19:59:55.473Z,293.6608705,944,0,Toolbar Item,1
1,36,bubble,2018-03-19T19:59:57.400Z,590.8793307,921,0,Grid Item,1
1,37,bubble,2018-03-19T19:59:59.595Z,425.5828527,1405,0,List Item,1
1,38,bubble,2018-03-19T20:00:01.457Z,352.1865134,1159,0,List Item,1
1,39,bubble,2018-03-19T20:00:03.232Z,380.659004,1301,0,List Item,1
1,40,bubble,2018-03-19T20:00:04.928Z,555.4505279,1116,0,List Item,1
1,41,bubble,2018-03-19T20:00:07.079Z,367.1388564,1108,0,List Item,1
1,42,bubble,2018-03-19T20:00:08.449Z,342.3956269,883,0,List Item,1
1,43,bubble,2018-03-19T20:00:09.974Z,469.7476602,1107,0,List Item,1
1,44,bubble,2018-03-19T20:00:11.600Z,176.2188045,752,0,Grid Item,1
1,45,bubble,2018-03-19T20:00:13.432Z,684.1229665,935,0,Grid Item,1
1,46,bubble,2018-03-19T20:00:15.285Z,328.5579585,1010,0,Toolbar Item,1
1,47,bubble,2018-03-19T20:00:17.051Z,378.9277831,1054,0,List Item,1
1,48,bubble,2018-03-19T20:00:19.448Z,451.031542,1546,0,List Item,1
1,49,bubble,2018-03-19T20:00:21.443Z,658.167121,1303,0,Toolbar Item,1
1,50,bubble,2018-03-19T20:00:23.175Z,641.6420306,891,0,Grid Item,1
1,51,bubble,2018-03-19T20:00:25.072Z,537.0785043,883,0,Grid Item,1
1,52,bubble,2018-03-19T20:00:26.580Z,415.5749573,865,0,Toolbar Item,1
1,53,bubble,2018-03-19T20:00:28.542Z,511.5817401,1210,0,List Item,1
1,54,bubble,2018-03-19T20:00:30.747Z,590.9852272,1129,0,List Item,1
1,55,bubble,2018-03-19T20:00:32.543Z,340.4287959,851,0,List Item,1
1,56,bubble,2018-03-19T20:00:33.868Z,389.0267921,838,0,Toolbar Item,1
1,57,bubble,2018-03-19T20:00:36.271Z,303.6667894,1868,1,Grid Item,1
1,58,bubble,2018-03-19T20:00:37.892Z,300.3298859,972,0,List Item,1
1,59,bubble,2018-03-19T20:00:39.435Z,411.7623166,1022,0,Grid Item,1
1,60,bubble,2018-03-19T20:00:44.268Z,445.501103,1027,0,Toolbar Item,1
1,61,fixBubble,2018-03-19T20:01:44.819Z,630.6191458,1100,0,Grid Item,2
1,62,fixBubble,2018-03-19T20:01:46.607Z,196.1064235,1014,0,Toolbar Item,2
1,63,fixBubble,2018-03-19T20:01:48.626Z,397.4469804,1152,0,List Item,2
1,64,fixBubble,2018-03-19T20:01:51.228Z,451.7652065,1888,0,List Item,2
1,65,fixBubble,2018-03-19T20:01:52.750Z,489.3585795,831,0,Grid Item,2
1,66,fixBubble,2018-03-19T20:01:54.141Z,56.01633798,635,0,Grid Item,2
1,67,fixBubble,2018-03-19T20:01:55.705Z,361.2437411,1001,0,Toolbar Item,2
1,68,fixBubble,2018-03-19T20:01:57.385Z,225.3075764,861,0,Toolbar Item,2
1,69,fixBubble,2018-03-19T20:01:59.706Z,386.2335139,1440,0,List Item,2
1,70,fixBubble,2018-03-19T20:02:01.339Z,423.5894182,1091,0,Toolbar Item,2
1,71,fixBubble,2018-03-19T20:02:03.035Z,340.0863164,1146,0,List Item,2
1,72,fixBubble,2018-03-19T20:02:04.537Z,416.720824,904,0,Toolbar Item,2
1,73,fixBubble,2018-03-19T20:02:06.847Z,326.3079491,1459,1,List Item,2
1,74,fixBubble,2018-03-19T20:02:08.772Z,286.5807542,984,0,Toolbar Item,2
1,75,fixBubble,2018-03-19T20:02:10.368Z,633.6801793,1125,0,Grid Item,2
1,76,fixBubble,2018-03-19T20:02:12.084Z,240.8151106,750,0,Grid Item,2
1,77,fixBubble,2018-03-19T20:02:13.416Z,338.0434804,822,0,Toolbar Item,2
1,78,fixBubble,2018-03-19T20:02:15.171Z,391.543136,1190,0,List Item,2
1,79,fixBubble,2018-03-19T20:02:17.015Z,554.6189192,1252,1,Grid Item,2
1,80,fixBubble,2018-03-19T20:02:19.105Z,444.8805479,1277,0,List Item,2
1,81,fixBubble,2018-03-19T20:02:20.947Z,472.4559177,1137,0,Grid Item,2
1,82,fixBubble,2018-03-19T20:02:22.461Z,236.0874937,811,0,Grid Item,2
1,83,fixBubble,2018-03-19T20:02:24.232Z,342.3429423,1190,0,List Item,2
1,84,fixBubble,2018-03-19T20:02:25.988Z,364.6604962,1112,0,List Item,2
1,85,fixBubble,2018-03-19T20:02:28.374Z,477.4152298,1511,0,List Item,2
1,86,fixBubble,2018-03-19T20:02:30.285Z,301.5546847,1124,0,List Item,2
1,87,fixBubble,2018-03-19T20:02:31.879Z,584.8329414,1084,0,Grid Item,2
1,88,fixBubble,2018-03-19T20:02:33.498Z,450.1472064,790,0,Grid Item,2
1,89,fixBubble,2018-03-19T20:02:35.418Z,344.8191592,1175,0,List Item,2
1,90,fixBubble,2018-03-19T20:02:37.025Z,599.2571204,1073,0,Toolbar Item,2
1,91,fixBubble,2018-03-19T20:02:38.631Z,223.4004084,875,0,Grid Item,2
1,92,fixBubble,2018-03-19T20:02:41.472Z,570.9722423,1858,0,List Item,2
1,93,fixBubble,2018-03-19T20:02:43.371Z,385.1457546,1038,0,List Item,2
1,94,fixBubble,2018-03-19T20:02:44.971Z,683.3234752,1036,0,Toolbar Item,2
1,95,fixBubble,2018-03-19T20:02:47.145Z,327.7827446,1316,1,List Item,2
1,96,fixBubble,2018-03-19T20:02:48.677Z,147.0245924,820,0,Grid Item,2
1,97,fixBubble,2018-03-19T20:02:50.272Z,398.1354539,1064,0,List Item,2
1,98,fixBubble,2018-03-19T20:02:51.776Z,218.4916333,914,0,Toolbar Item,2
1,99,fixBubble,2018-03-19T20:02:53.192Z,384.8466282,866,0,List Item,2
1,100,fixBubble,2018-03-19T20:02:54.773Z,412.4985178,1000,0,List Item,2
1,101,fixBubble,2018-03-19T20:02:56.078Z,123.0669225,793,0,Toolbar Item,2
1,102,fixBubble,2018-03-19T20:02:58.186Z,431.6725819,982,0,Grid Item,2
1,103,fixBubble,2018-03-19T20:02:59.641Z,504.9773333,758,0,Grid Item,2
1,104,fixBubble,2018-03-19T20:03:01.523Z,361.0669813,1037,0,List Item,2
1,105,fixBubble,2018-03-19T20:03:03.250Z,354.1024809,1009,0,Grid Item,2
1,106,fixBubble,2018-03-19T20:03:05.109Z,541.5614131,1141,0,List Item,2
1,107,fixBubble,2018-03-19T20:03:06.911Z,647.6770284,1011,0,Grid Item,2
1,108,fixBubble,2018-03-19T20:03:08.800Z,489.156048,1121,0,List Item,2
1,109,fixBubble,2018-03-19T20:03:10.641Z,329.1719959,960,0,List Item,2
1,110,fixBubble,2018-03-19T20:03:12.169Z,358.3142907,1005,0,Grid Item,2
1,111,fixBubble,2018-03-19T20:03:14.288Z,376.7321719,941,0,Grid Item,2
1,112,fixBubble,2018-03-19T20:03:16.286Z,419.7807489,1294,0,List Item,2
1,113,fixBubble,2018-03-19T20:03:18.159Z,587.2238237,1028,0,Grid Item,2
1,114,fixBubble,2018-03-19T20:03:20.662Z,389.087991,1230,0,List Item,2
1,115,fixBubble,2018-03-19T20:03:22.539Z,504.2737864,1167,0,List Item,2
1,116,fixBubble,2018-03-19T20:03:24.298Z,666.3505888,905,0,Grid Item,2
1,117,fixBubble,2018-03-19T20:03:26.117Z,364.0658971,983,0,List Item,2
1,118,fixBubble,2018-03-19T20:03:27.790Z,469.8767341,729,0,Grid Item,2
1,119,fixBubble,2018-03-19T20:03:29.678Z,406.0330063,1077,0,List Item,2
1,120,fixBubble,2018-03-19T20:03:33.009Z,391.369697,1093,0,List Item,2
1,121,halo,2018-03-19T20:04:04.747Z,389.3949342,1091,0,List Item,3
1,122,halo,2018-03-19T20:04:06.683Z,408.464995,1356,0,List Item,3
1,123,halo,2018-03-19T20:04:08.237Z,426.6820163,948,0,Grid Item,3
1,124,halo,2018-03-19T20:04:10.073Z,293.9255969,985,0,Grid Item,3
1,125,halo,2018-03-19T20:04:11.985Z,499.0125265,1144,0,List Item,3
1,126,halo,2018-03-19T20:04:13.921Z,448.3315964,1052,0,Toolbar Item,3
1,127,halo,2018-03-19T20:04:15.983Z,373.9121753,1280,0,List Item,3
1,128,halo,2018-03-19T20:04:17.460Z,501.8693512,895,0,Toolbar Item,3
1,129,halo,2018-03-19T20:04:19.065Z,380.4403401,925,0,List Item,3
1,130,halo,2018-03-19T20:04:20.880Z,434.884556,1209,0,List Item,3
1,131,halo,2018-03-19T20:04:22.498Z,338.0656964,881,0,List Item,3
1,132,halo,2018-03-19T20:04:23.861Z,334.9194396,864,0,Grid Item,3
1,133,halo,2018-03-19T20:04:25.455Z,615.1263442,992,0,Grid Item,3
1,134,halo,2018-03-19T20:04:27.636Z,576.5127126,1245,0,Grid Item,3
1,135,halo,2018-03-19T20:04:29.573Z,122.2098831,1123,0,Grid Item,3
1,136,halo,2018-03-19T20:04:30.718Z,64.72387673,636,0,Grid Item,3
1,137,halo,2018-03-19T20:04:32.320Z,555.1751374,1044,0,Grid Item,3
1,138,halo,2018-03-19T20:04:34.046Z,570.2009362,866,0,Grid Item,3
1,139,halo,2018-03-19T20:04:35.915Z,362.2099735,947,0,List Item,3
1,140,halo,2018-03-19T20:04:37.276Z,156.6341829,697,0,Toolbar Item,3
1,141,halo,2018-03-19T20:04:38.746Z,639.7250644,1029,0,Grid Item,3
1,142,halo,2018-03-19T20:04:40.657Z,340.7115937,1082,0,List Item,3
1,143,halo,2018-03-19T20:04:42.462Z,400.1362513,1162,0,Grid Item,3
1,144,halo,2018-03-19T20:04:44.075Z,694.6634865,977,0,Toolbar Item,3
1,145,halo,2018-03-19T20:04:46.158Z,441.850882,1110,0,List Item,3
1,146,halo,2018-03-19T20:04:47.789Z,291.9745758,976,0,List Item,3
1,147,halo,2018-03-19T20:04:50.328Z,301.7231405,1959,2,Toolbar Item,3
1,148,halo,2018-03-19T20:04:51.957Z,349.331157,863,0,Toolbar Item,3
1,149,halo,2018-03-19T20:04:53.261Z,115.1335874,682,0,Grid Item,3
1,150,halo,2018-03-19T20:04:55.173Z,506.1365691,1286,0,List Item,3
1,151,halo,2018-03-19T20:04:56.854Z,304.5266866,946,0,List Item,3
1,152,halo,2018-03-19T20:04:58.162Z,159.7596028,773,0,Grid Item,3
1,153,halo,2018-03-19T20:04:59.563Z,338.2092586,874,0,List Item,3
1,154,halo,2018-03-19T20:05:01.343Z,754.831544,1207,0,Toolbar Item,3
1,155,halo,2018-03-19T20:05:03.179Z,569.1726903,1208,0,List Item,3
1,156,halo,2018-03-19T20:05:04.897Z,614.26879,985,0,Toolbar Item,3
1,157,halo,2018-03-19T20:05:06.291Z,252.0462116,822,0,Grid Item,3
1,158,halo,2018-03-19T20:05:07.939Z,547.9395282,969,0,List Item,3
1,159,halo,2018-03-19T20:05:09.583Z,345.7061898,952,0,Toolbar Item,3
1,160,halo,2018-03-19T20:05:11.369Z,509.174014,1105,0,List Item,3
1,161,halo,2018-03-19T20:05:13.188Z,294.5544839,756,0,Grid Item,3
1,162,halo,2018-03-19T20:05:14.683Z,407.5044566,891,0,Grid Item,3
1,163,halo,2018-03-19T20:05:16.149Z,107.1973906,683,0,Toolbar Item,3
1,164,halo,2018-03-19T20:05:17.593Z,303.6243616,904,0,List Item,3
1,165,halo,2018-03-19T20:05:18.932Z,245.1168956,851,0,Grid Item,3
1,166,halo,2018-03-19T20:05:20.419Z,334.436489,845,0,List Item,3
1,167,halo,2018-03-19T20:05:21.970Z,673.264525,1000,0,Grid Item,3
1,168,halo,2018-03-19T20:05:23.576Z,404.4309146,830,0,List Item,3
1,169,halo,2018-03-19T20:05:25.182Z,372.6575035,1067,0,List Item,3
1,170,halo,2018-03-19T20:05:27.079Z,417.70548,968,0,Grid Item,3
1,171,halo,2018-03-19T20:05:28.725Z,295.0663746,984,0,List Item,3
1,172,halo,2018-03-19T20:05:30.178Z,182.4312312,904,0,Toolbar Item,3
1,173,halo,2018-03-19T20:05:31.686Z,273.7668545,983,0,List Item,3
1,174,halo,2018-03-19T20:05:33.235Z,413.6317413,1092,0,Grid Item,3
1,175,halo,2018-03-19T20:05:35.333Z,524.9044981,1201,0,Grid Item,3
1,176,halo,2018-03-19T20:05:37.611Z,263.4833798,1540,0,Toolbar Item,3
1,177,halo,2018-03-19T20:05:39.529Z,513.8208182,1277,0,Toolbar Item,3
1,178,halo,2018-03-19T20:05:41.093Z,355.5325509,945,0,Toolbar Item,3
1,179,halo,2018-03-19T20:05:42.494Z,396.8404934,796,0,List Item,3
1,180,halo,2018-03-19T20:05:44.230Z,591.154196,1101,0,Grid Item,3
1,181,fixHalo,2018-03-19T20:05:59.938Z,609.8325355,1136,0,Toolbar Item,4
1,182,fixHalo,2018-03-19T20:06:01.587Z,434.9501486,913,0,Grid Item,4
1,183,fixHalo,2018-03-19T20:06:03.407Z,572.1853339,805,0,Grid Item,4
1,184,fixHalo,2018-03-19T20:06:05.421Z,352.7224866,1278,1,List Item,4
1,185,fixHalo,2018-03-19T20:06:07.735Z,511.0589756,1364,0,List Item,4
1,186,fixHalo,2018-03-19T20:06:09.447Z,350.1971805,978,0,List Item,4
1,187,fixHalo,2018-03-19T20:06:10.801Z,286.8322364,852,0,Toolbar Item,4
1,188,fixHalo,2018-03-19T20:06:12.289Z,142.3696977,815,0,Toolbar Item,4
1,189,fixHalo,2018-03-19T20:06:13.968Z,328.9110103,953,0,List Item,4
1,190,fixHalo,2018-03-19T20:06:15.291Z,346.3081396,844,0,List Item,4
1,191,fixHalo,2018-03-19T20:06:16.700Z,354.4624363,935,0,Grid Item,4
1,192,fixHalo,2018-03-19T20:06:18.296Z,676.9076537,993,0,Toolbar Item,4
1,193,fixHalo,2018-03-19T20:06:19.713Z,450.9354389,758,0,Grid Item,4
1,194,fixHalo,2018-03-19T20:06:21.698Z,391.2423511,1271,0,List Item,4
1,195,fixHalo,2018-03-19T20:06:23.088Z,438.8678558,728,0,Grid Item,4
1,196,fixHalo,2018-03-19T20:06:24.799Z,321.7846612,845,0,Grid Item,4
1,197,fixHalo,2018-03-19T20:06:26.579Z,479.2555966,1262,0,List Item,4
1,198,fixHalo,2018-03-19T20:06:28.420Z,189.5529113,991,0,Toolbar Item,4
1,199,fixHalo,2018-03-19T20:06:30.310Z,331.7410936,915,0,Toolbar Item,4
1,200,fixHalo,2018-03-19T20:06:31.896Z,381.8344569,889,0,List Item,4
1,201,fixHalo,2018-03-19T20:06:33.518Z,711.5377955,1017,0,Toolbar Item,4
1,202,fixHalo,2018-03-19T20:06:34.907Z,650.9459149,789,0,Toolbar Item,4
1,203,fixHalo,2018-03-19T20:06:36.729Z,287.5479585,914,0,Toolbar Item,4
1,204,fixHalo,2018-03-19T20:06:38.340Z,419.0740711,1047,0,List Item,4
1,205,fixHalo,2018-03-19T20:06:40.166Z,337.9008769,1083,0,List Item,4
1,206,fixHalo,2018-03-19T20:06:41.847Z,637.2660816,1178,0,Grid Item,4
1,207,fixHalo,2018-03-19T20:06:43.713Z,384.6614292,754,0,List Item,4
1,208,fixHalo,2018-03-19T20:06:45.143Z,462.6190987,929,0,Grid Item,4
1,209,fixHalo,2018-03-19T20:06:47.002Z,710.1390951,1069,0,Toolbar Item,4
1,210,fixHalo,2018-03-19T20:06:48.782Z,457.7572848,905,0,Grid Item,4
1,211,fixHalo,2018-03-19T20:06:50.925Z,681.7099334,1051,0,Grid Item,4
1,212,fixHalo,2018-03-19T20:06:52.513Z,458.7354848,682,0,Grid Item,4
1,213,fixHalo,2018-03-19T20:06:53.948Z,751.8645376,883,0,Grid Item,4
1,214,fixHalo,2018-03-19T20:06:55.464Z,374.9337526,790,0,Grid Item,4
1,215,fixHalo,2018-03-19T20:06:56.834Z,331.981166,803,0,Toolbar Item,4
1,216,fixHalo,2018-03-19T20:06:58.103Z,546.7834638,767,0,Grid Item,4
1,217,fixHalo,2018-03-19T20:06:59.744Z,317.8941692,844,0,List Item,4
1,218,fixHalo,2018-03-19T20:07:01.362Z,492.4972862,1146,0,List Item,4
1,219,fixHalo,2018-03-19T20:07:02.748Z,504.6732429,697,0,Grid Item,4
1,220,fixHalo,2018-03-19T20:07:04.536Z,315.7373623,1090,0,Toolbar Item,4
1,221,fixHalo,2018-03-19T20:07:06.078Z,352.5040107,929,0,List Item,4
1,222,fixHalo,2018-03-19T20:07:07.443Z,473.9434254,801,0,Toolbar Item,4
1,223,fixHalo,2018-03-19T20:07:08.918Z,394.1927726,810,0,Grid Item,4
1,224,fixHalo,2018-03-19T20:07:10.249Z,385.3941545,726,0,Grid Item,4
1,225,fixHalo,2018-03-19T20:07:11.852Z,589.5924404,998,0,Grid Item,4
1,226,fixHalo,2018-03-19T20:07:13.285Z,580.0147375,875,0,Grid Item,4
1,227,fixHalo,2018-03-19T20:07:15.281Z,565.762164,1430,0,List Item,4
1,228,fixHalo,2018-03-19T20:07:17.311Z,149.1393003,977,0,Toolbar Item,4
1,229,fixHalo,2018-03-19T20:07:18.706Z,406.1903828,916,0,List Item,4
1,230,fixHalo,2018-03-19T20:07:20.168Z,312.3627989,806,0,Grid Item,4
1,231,fixHalo,2018-03-19T20:07:21.741Z,695.7302692,999,0,Grid Item,4
1,232,fixHalo,2018-03-19T20:07:23.558Z,400.8586904,986,0,List Item,4
1,233,fixHalo,2018-03-19T20:07:25.114Z,335.551006,1051,0,List Item,4
1,234,fixHalo,2018-03-19T20:07:26.587Z,568.7309193,1000,0,Toolbar Item,4
1,235,fixHalo,2018-03-19T20:07:28.181Z,329.8725933,845,0,List Item,4
1,236,fixHalo,2018-03-19T20:07:29.397Z,448.6392151,745,0,Toolbar Item,4
1,237,fixHalo,2018-03-19T20:07:30.790Z,296.1720208,811,0,Toolbar Item,4
1,238,fixHalo,2018-03-19T20:07:32.315Z,197.1967732,845,0,Grid Item,4
1,239,fixHalo,2018-03-19T20:07:33.818Z,484.5910462,814,0,Grid Item,4
1,240,fixHalo,2018-03-19T20:07:35.513Z,122.7971616,899,0,Toolbar Item,4
1,241,normal,2018-03-19T20:07:51.246Z,561.7622012,1393,0,Grid Item,5
1,242,normal,2018-03-19T20:07:54.475Z,194.7443997,2355,3,Toolbar Item,5
1,243,normal,2018-03-19T20:07:56.147Z,280.4227503,735,0,Grid Item,5
1,244,normal,2018-03-19T20:07:57.889Z,281.5404557,922,0,List Item,5
1,245,normal,2018-03-19T20:07:59.676Z,433.9724526,1261,0,List Item,5
1,246,normal,2018-03-19T20:08:01.291Z,337.1459848,857,0,List Item,5
1,247,normal,2018-03-19T20:08:03.081Z,199.4695567,993,0,Toolbar Item,5
1,248,normal,2018-03-19T20:08:04.731Z,381.8469619,1075,0,List Item,5
1,249,normal,2018-03-19T20:08:06.574Z,331.9236774,1068,0,List Item,5
1,250,normal,2018-03-19T20:08:08.232Z,409.5524413,1068,0,List Item,5
1,251,normal,2018-03-19T20:08:10.011Z,251.2979138,1030,0,Toolbar Item,5
1,252,normal,2018-03-19T20:08:11.390Z,75.02103199,838,0,Toolbar Item,5
1,253,normal,2018-03-19T20:08:12.822Z,586.9695442,916,0,Grid Item,5
1,254,normal,2018-03-19T20:08:14.530Z,300.0932405,906,0,List Item,5
1,255,normal,2018-03-19T20:08:16.235Z,492.6477461,1179,0,List Item,5
1,256,normal,2018-03-19T20:08:18.355Z,384.9014582,1279,0,Toolbar Item,5
1,257,normal,2018-03-19T20:08:19.937Z,337.0226292,930,0,List Item,5
1,258,normal,2018-03-19T20:08:21.203Z,234.192829,712,0,Grid Item,5
1,259,normal,2018-03-19T20:08:23.737Z,522.5635743,1984,1,List Item,5
1,260,normal,2018-03-19T20:08:25.631Z,152.0159683,1121,0,Toolbar Item,5
1,261,normal,2018-03-19T20:08:27.544Z,339.0230128,1167,0,Toolbar Item,5
1,262,normal,2018-03-19T20:08:29.846Z,487.3423226,1696,0,List Item,5
1,263,normal,2018-03-19T20:08:31.632Z,364.8061163,1030,0,List Item,5
1,264,normal,2018-03-19T20:08:33.291Z,397.0613828,976,0,Grid Item,5
1,265,normal,2018-03-19T20:08:34.968Z,208.989006,882,0,Grid Item,5
1,266,normal,2018-03-19T20:08:36.402Z,423.5426276,738,0,Grid Item,5
1,267,normal,2018-03-19T20:08:37.775Z,278.5870439,824,0,Toolbar Item,5
1,268,normal,2018-03-19T20:08:39.119Z,329.2736413,794,0,Grid Item,5
1,269,normal,2018-03-19T20:08:40.923Z,327.4601925,1255,0,List Item,5
1,270,normal,2018-03-19T20:08:42.524Z,679.7954074,905,0,Grid Item,5
1,271,normal,2018-03-19T20:08:45.443Z,445.5380964,2084,1,Toolbar Item,5
1,272,normal,2018-03-19T20:08:47.711Z,344.4544829,1400,0,Toolbar Item,5
1,273,normal,2018-03-19T20:08:49.654Z,450.824968,1361,0,List Item,5
1,274,normal,2018-03-19T20:08:51.644Z,371.0690669,1324,0,List Item,5
1,275,normal,2018-03-19T20:08:53.664Z,314.9756844,827,0,Grid Item,5
1,276,normal,2018-03-19T20:08:55.397Z,382.1846837,1083,0,Toolbar Item,5
1,277,normal,2018-03-19T20:08:57.380Z,372.6173674,1356,0,List Item,5
1,278,normal,2018-03-19T20:08:59.339Z,404.2733786,1155,0,List Item,5
1,279,normal,2018-03-19T20:09:01.058Z,83.69015832,952,0,Toolbar Item,5
1,280,normal,2018-03-19T20:09:02.869Z,435.1610644,1307,0,List Item,5
1,281,normal,2018-03-19T20:09:04.650Z,472.3507721,1054,0,List Item,5
1,282,normal,2018-03-19T20:09:07.072Z,221.048307,1673,1,Toolbar Item,5
1,283,normal,2018-03-19T20:09:08.907Z,329.8632901,1237,0,List Item,5
1,284,normal,2018-03-19T20:09:10.772Z,383.1596956,1332,1,List Item,5
1,285,normal,2018-03-19T20:09:12.570Z,742.9298304,1201,0,Grid Item,5
1,286,normal,2018-03-19T20:09:14.610Z,418.2862083,1130,0,List Item,5
1,287,normal,2018-03-19T20:09:16.699Z,115.809188,1345,2,Toolbar Item,5
1,288,normal,2018-03-19T20:09:18.226Z,67.48735141,868,0,Toolbar Item,5
1,289,normal,2018-03-19T20:09:20.007Z,513.5741686,1349,0,List Item,5
1,290,normal,2018-03-19T20:09:21.702Z,398.2529688,944,0,List Item,5
1,291,normal,2018-03-19T20:09:23.111Z,294.4973583,761,0,Grid Item,5
1,292,normal,2018-03-19T20:09:24.759Z,171.5881509,959,0,Toolbar Item,5
1,293,normal,2018-03-19T20:09:26.330Z,435.0486202,943,0,List Item,5
1,294,normal,2018-03-19T20:09:27.887Z,273.2847534,922,0,Grid Item,5
1,295,normal,2018-03-19T20:09:29.186Z,85.36966787,627,0,Grid Item,5
1,296,normal,2018-03-19T20:09:31.158Z,379.5937332,1438,1,List Item,5
1,297,normal,2018-03-19T20:09:32.863Z,391.1071975,1101,0,List Item,5
1,298,normal,2018-03-19T20:09:34.474Z,605.7058143,775,0,Grid Item,5
1,299,normal,2018-03-19T20:09:36.035Z,199.9212148,844,0,Grid Item,5
1,300,normal,2018-03-19T20:09:38.356Z,491.6409022,1229,0,List Item,5
2,1,fixBubble,2018-03-19T20:25:49.603Z,428.6429889,1129,0,Grid Item,1
2,2,fixBubble,2018-03-19T20:25:51.905Z,698.1146497,1312,0,Grid Item,1
2,3,fixBubble,2018-03-19T20:25:53.661Z,309.3962394,898,0,List Item,1
2,4,fixBubble,2018-03-19T20:25:55.279Z,633.7812528,1014,0,Grid Item,1
2,5,fixBubble,2018-03-19T20:25:57.340Z,625.0096709,1209,0,Grid Item,1
2,6,fixBubble,2018-03-19T20:25:58.807Z,267.5128713,763,0,Grid Item,1
2,7,fixBubble,2018-03-19T20:26:00.359Z,385.506657,910,0,List Item,1
2,8,fixBubble,2018-03-19T20:26:01.807Z,614.325149,765,0,Grid Item,1
2,9,fixBubble,2018-03-19T20:26:03.575Z,449.3540319,1010,0,List Item,1
2,10,fixBubble,2018-03-19T20:26:05.331Z,322.1103388,1060,0,Toolbar Item,1
2,11,fixBubble,2018-03-19T20:26:06.982Z,415.7023968,840,0,List Item,1
2,12,fixBubble,2018-03-19T20:26:08.715Z,331.1919501,1169,1,Toolbar Item,1
2,13,fixBubble,2018-03-19T20:26:10.466Z,431.1506056,1114,0,Toolbar Item,1
2,14,fixBubble,2018-03-19T20:26:11.829Z,329.6314164,812,0,List Item,1
2,15,fixBubble,2018-03-19T20:26:13.053Z,138.4572951,682,0,Toolbar Item,1
2,16,fixBubble,2018-03-19T20:26:14.354Z,260.9034524,691,0,Grid Item,1
2,17,fixBubble,2018-03-19T20:26:15.678Z,133.4806531,728,0,Toolbar Item,1
2,18,fixBubble,2018-03-19T20:26:17.250Z,459.8097519,993,0,List Item,1
2,19,fixBubble,2018-03-19T20:26:19.417Z,217.2346619,816,0,Toolbar Item,1
2,20,fixBubble,2018-03-19T20:26:21.455Z,409.9006378,1044,0,List Item,1
2,21,fixBubble,2018-03-19T20:26:22.989Z,90.64214225,773,0,Grid Item,1
2,22,fixBubble,2018-03-19T20:26:24.328Z,388.2092217,806,0,Grid Item,1
2,23,fixBubble,2018-03-19T20:26:25.799Z,497.7480539,805,0,Toolbar Item,1
2,24,fixBubble,2018-03-19T20:26:27.439Z,361.2956005,812,0,Grid Item,1
2,25,fixBubble,2018-03-19T20:26:29.260Z,577.5535804,1007,0,Toolbar Item,1
2,26,fixBubble,2018-03-19T20:26:30.803Z,295.0915517,770,0,Toolbar Item,1
2,27,fixBubble,2018-03-19T20:26:32.104Z,340.1613564,705,0,Grid Item,1
2,28,fixBubble,2018-03-19T20:26:33.499Z,230.319151,707,0,Grid Item,1
2,29,fixBubble,2018-03-19T20:26:34.968Z,434.7900491,861,0,Grid Item,1
2,30,fixBubble,2018-03-19T20:26:36.437Z,369.5635592,842,0,Toolbar Item,1
2,31,fixBubble,2018-03-19T20:26:38.335Z,529.2849499,1294,0,List Item,1
2,32,fixBubble,2018-03-19T20:26:39.867Z,406.2502759,735,0,Grid Item,1
2,33,fixBubble,2018-03-19T20:26:41.501Z,414.6860804,873,0,List Item,1
2,34,fixBubble,2018-03-19T20:26:42.872Z,287.2986392,851,0,Toolbar Item,1
2,35,fixBubble,2018-03-19T20:26:44.422Z,461.4203025,1006,0,List Item,1
2,36,fixBubble,2018-03-19T20:26:46.071Z,318.9166215,1069,0,Toolbar Item,1
2,37,fixBubble,2018-03-19T20:26:47.628Z,470.4143739,893,0,List Item,1
2,38,fixBubble,2018-03-19T20:26:49.214Z,438.2339221,1015,0,List Item,1
2,39,fixBubble,2018-03-19T20:26:50.842Z,91.30394241,783,0,Toolbar Item,1
2,40,fixBubble,2018-03-19T20:26:52.132Z,250.6242373,797,0,Toolbar Item,1
2,41,fixBubble,2018-03-19T20:26:53.745Z,418.5208469,930,0,Grid Item,1
2,42,fixBubble,2018-03-19T20:26:55.443Z,494.4888353,950,0,List Item,1
2,43,fixBubble,2018-03-19T20:26:56.686Z,107.7300936,558,0,Grid Item,1
2,44,fixBubble,2018-03-19T20:26:57.940Z,153.266917,703,0,Toolbar Item,1
2,45,fixBubble,2018-03-19T20:26:59.342Z,470.0945517,828,0,Toolbar Item,1
2,46,fixBubble,2018-03-19T20:27:01.349Z,147.6951988,898,0,Toolbar Item,1
2,47,fixBubble,2018-03-19T20:27:02.590Z,415.1840104,752,0,Grid Item,1
2,48,fixBubble,2018-03-19T20:27:04.364Z,343.066587,1018,0,List Item,1
2,49,fixBubble,2018-03-19T20:27:05.825Z,551.0870285,993,0,Toolbar Item,1
2,50,fixBubble,2018-03-19T20:27:07.642Z,430.9917724,1135,0,List Item,1
2,51,fixBubble,2018-03-19T20:27:08.908Z,212.0296518,629,0,Grid Item,1
2,52,fixBubble,2018-03-19T20:27:10.642Z,384.0433672,977,0,List Item,1
2,53,fixBubble,2018-03-19T20:27:12.072Z,622.8521203,851,0,Grid Item,1
2,54,fixBubble,2018-03-19T20:27:13.723Z,542.9040275,962,0,List Item,1
2,55,fixBubble,2018-03-19T20:27:15.326Z,640.31098,866,0,Toolbar Item,1
2,56,fixBubble,2018-03-19T20:27:16.986Z,280.2295021,880,0,Grid Item,1
2,57,fixBubble,2018-03-19T20:27:18.949Z,402.6709879,923,0,Toolbar Item,1
2,58,fixBubble,2018-03-19T20:27:20.568Z,309.3351467,925,0,Toolbar Item,1
2,59,fixBubble,2018-03-19T20:27:22.299Z,497.129297,1075,0,Grid Item,1
2,60,fixBubble,2018-03-19T20:27:24.221Z,376.8481558,1030,0,Toolbar Item,1
2,62,normal,2018-03-19T20:29:28.013Z,316.2250514,1230,0,List Item,2
2,63,normal,2018-03-19T20:29:29.818Z,94.50593659,851,0,Toolbar Item,2
2,64,normal,2018-03-19T20:29:31.439Z,129.4997481,1103,0,Toolbar Item,2
2,65,normal,2018-03-19T20:29:33.383Z,465.8182001,1458,0,List Item,2
2,66,normal,2018-03-19T20:29:35.121Z,556.160319,935,0,Grid Item,2
2,67,normal,2018-03-19T20:29:36.701Z,627.0538264,898,0,Grid Item,2
2,68,normal,2018-03-19T20:29:38.521Z,638.0013429,1184,0,Toolbar Item,2
2,69,normal,2018-03-19T20:29:40.232Z,386.016109,959,0,Grid Item,2
2,70,normal,2018-03-19T20:29:42.958Z,493.6895871,1913,2,List Item,2
2,71,normal,2018-03-19T20:29:44.516Z,398.707488,830,0,Grid Item,2
2,72,normal,2018-03-19T20:29:46.552Z,233.535829,1278,0,Toolbar Item,2
2,73,normal,2018-03-19T20:29:48.217Z,388.0446602,1115,0,List Item,2
2,74,normal,2018-03-19T20:29:49.725Z,640.566596,920,0,Grid Item,2
2,75,normal,2018-03-19T20:29:51.302Z,238.3305184,874,0,Grid Item,2
2,76,normal,2018-03-19T20:29:53.712Z,426.7659288,1533,1,List Item,2
2,77,normal,2018-03-19T20:29:55.345Z,454.5038085,896,0,Grid Item,2
2,78,normal,2018-03-19T20:29:57.397Z,362.9652813,1238,0,List Item,2
2,79,normal,2018-03-19T20:29:59.436Z,458.5977905,1101,0,List Item,2
2,80,normal,2018-03-19T20:30:01.272Z,400.0788933,1132,0,List Item,2
2,81,normal,2018-03-19T20:30:02.678Z,244.4127634,836,0,Grid Item,2
2,82,normal,2018-03-19T20:30:05.071Z,505.6135584,1836,1,List Item,2
2,83,normal,2018-03-19T20:30:06.845Z,629.7988774,1100,0,Toolbar Item,2
2,84,normal,2018-03-19T20:30:08.555Z,301.0568456,852,0,Grid Item,2
2,85,normal,2018-03-19T20:30:10.297Z,441.8283125,1238,0,List Item,2
2,86,normal,2018-03-19T20:30:12.142Z,217.7593531,788,0,Toolbar Item,2
2,87,normal,2018-03-19T20:30:13.858Z,126.8810355,1028,0,Toolbar Item,2
2,88,normal,2018-03-19T20:30:15.524Z,450.2311161,1075,0,List Item,2
2,89,normal,2018-03-19T20:30:17.160Z,414.2735207,873,0,Grid Item,2
2,90,normal,2018-03-19T20:30:19.354Z,360.2210366,1072,0,List Item,2
2,91,normal,2018-03-19T20:30:21.452Z,533.0616716,1406,0,List Item,2
2,92,normal,2018-03-19T20:30:23.640Z,353.6981166,1611,1,Toolbar Item,2
2,93,normal,2018-03-19T20:30:25.250Z,271.3885054,1054,0,List Item,2
2,94,normal,2018-03-19T20:30:27.132Z,423.8021603,1330,0,List Item,2
2,95,normal,2018-03-19T20:30:28.674Z,288.4021483,876,0,Grid Item,2
2,96,normal,2018-03-19T20:30:30.466Z,615.6128661,1146,0,Toolbar Item,2
2,97,normal,2018-03-19T20:30:32.143Z,407.4767313,885,0,Grid Item,2
2,98,normal,2018-03-19T20:30:34.042Z,487.5280334,1225,0,List Item,2
2,99,normal,2018-03-19T20:30:35.992Z,555.3315862,1192,0,List Item,2
2,100,normal,2018-03-19T20:30:38.207Z,417.0865866,1418,0,List Item,2
2,101,normal,2018-03-19T20:30:40.013Z,307.2300572,1157,0,List Item,2
2,102,normal,2018-03-19T20:30:42.691Z,299.7617312,1279,0,List Item,2
2,103,normal,2018-03-19T20:30:44.238Z,430.1018775,975,0,Grid Item,2
2,104,normal,2018-03-19T20:30:45.834Z,385.3901537,884,0,List Item,2
2,105,normal,2018-03-19T20:30:47.366Z,413.9806099,898,0,List Item,2
2,106,normal,2018-03-19T20:30:49.047Z,434.7371564,1168,0,List Item,2
2,107,normal,2018-03-19T20:30:50.644Z,615.6064094,1031,0,Grid Item,2
2,108,normal,2018-03-19T20:30:52.934Z,536.6999942,1338,0,List Item,2
2,109,normal,2018-03-19T20:30:54.537Z,400.5994827,938,0,List Item,2
2,110,normal,2018-03-19T20:30:56.295Z,571.8465342,1201,0,List Item,2
2,111,normal,2018-03-19T20:30:57.819Z,302.4542041,788,0,List Item,2
2,112,normal,2018-03-19T20:30:59.391Z,521.4570096,1067,0,Toolbar Item,2
2,113,normal,2018-03-19T20:31:01.033Z,383.2595181,990,0,List Item,2
2,114,normal,2018-03-19T20:31:03.148Z,131.8806633,1494,1,Toolbar Item,2
2,115,normal,2018-03-19T20:31:04.413Z,139.6109654,737,0,Toolbar Item,2
2,116,normal,2018-03-19T20:31:06.184Z,393.4930222,1176,0,List Item,2
2,117,normal,2018-03-19T20:31:07.577Z,600.0060112,813,0,Grid Item,2
2,118,normal,2018-03-19T20:31:09.406Z,356.1751609,862,0,List Item,2
2,119,normal,2018-03-19T20:31:10.375Z,130.2383803,551,0,Grid Item,2
2,120,normal,2018-03-19T20:31:12.563Z,564.6679961,1648,0,List Item,2
2,121,normal,2018-03-19T20:31:14.555Z,456.4241951,1116,0,List Item,2
2,122,fixHalo,2018-03-19T20:31:44.795Z,491.2475532,1154,0,List Item,3
2,123,fixHalo,2018-03-19T20:31:46.313Z,372.5760596,836,0,List Item,3
2,124,fixHalo,2018-03-19T20:31:48.119Z,501.5866079,1287,0,Toolbar Item,3
2,125,fixHalo,2018-03-19T20:31:49.666Z,406.6593929,829,0,Grid Item,3
2,126,fixHalo,2018-03-19T20:31:51.463Z,327.4953555,1022,0,Toolbar Item,3
2,127,fixHalo,2018-03-19T20:31:53.063Z,452.6257142,1013,0,Grid Item,3
2,128,fixHalo,2018-03-19T20:31:54.668Z,392.9375107,953,0,Grid Item,3
2,129,fixHalo,2018-03-19T20:31:56.310Z,440.9481217,1038,0,List Item,3
2,130,fixHalo,2018-03-19T20:31:57.812Z,119.039318,868,0,Toolbar Item,3
2,131,fixHalo,2018-03-19T20:31:59.161Z,615.3449144,877,0,Grid Item,3
2,132,fixHalo,2018-03-19T20:32:00.926Z,306.9506611,1224,0,List Item,3
2,133,fixHalo,2018-03-19T20:32:02.824Z,660.4420405,1197,0,Grid Item,3
2,134,fixHalo,2018-03-19T20:32:04.418Z,231.2018511,922,0,Toolbar Item,3
2,135,fixHalo,2018-03-19T20:32:05.726Z,484.9647156,874,0,Grid Item,3
2,136,fixHalo,2018-03-19T20:32:07.044Z,399.6978329,772,0,List Item,3
2,137,fixHalo,2018-03-19T20:32:08.584Z,319.9074613,1084,0,List Item,3
2,138,fixHalo,2018-03-19T20:32:10.010Z,105.7388166,898,1,Toolbar Item,3
2,139,fixHalo,2018-03-19T20:32:11.728Z,536.6711756,1065,0,Grid Item,3
2,140,fixHalo,2018-03-19T20:32:13.473Z,209.0304363,1101,0,Toolbar Item,3
2,141,fixHalo,2018-03-19T20:32:15.029Z,391.0795738,920,0,List Item,3
2,142,fixHalo,2018-03-19T20:32:16.577Z,251.9969721,1022,1,Grid Item,3
2,143,fixHalo,2018-03-19T20:32:18.724Z,422.9227168,931,0,Grid Item,3
2,144,fixHalo,2018-03-19T20:32:20.595Z,418.9323433,1276,1,List Item,3
2,145,fixHalo,2018-03-19T20:32:22.331Z,400.8821619,1061,0,List Item,3
2,146,fixHalo,2018-03-19T20:32:23.630Z,607.8137572,742,0,Grid Item,3
2,147,fixHalo,2018-03-19T20:32:25.342Z,581.7572697,1029,0,List Item,3
2,148,fixHalo,2018-03-19T20:32:27.006Z,389.5024651,984,0,List Item,3
2,149,fixHalo,2018-03-19T20:32:28.318Z,109.6160791,815,0,Toolbar Item,3
2,150,fixHalo,2018-03-19T20:32:29.610Z,549.1648097,799,0,Grid Item,3
2,151,fixHalo,2018-03-19T20:32:31.103Z,331.9077747,891,0,List Item,3
2,152,fixHalo,2018-03-19T20:32:32.318Z,605.2369071,723,0,Grid Item,3
2,153,fixHalo,2018-03-19T20:32:33.900Z,686.652251,1001,0,Toolbar Item,3
2,154,fixHalo,2018-03-19T20:32:35.433Z,357.6277684,923,0,List Item,3
2,155,fixHalo,2018-03-19T20:32:36.608Z,295.1213085,737,0,Grid Item,3
2,156,fixHalo,2018-03-19T20:32:38.264Z,702.9606329,1166,0,Toolbar Item,3
2,157,fixHalo,2018-03-19T20:32:40.070Z,459.2083364,1202,0,List Item,3
2,158,fixHalo,2018-03-19T20:32:41.604Z,427.3253098,884,0,List Item,3
2,159,fixHalo,2018-03-19T20:32:42.952Z,328.8079783,886,0,Toolbar Item,3
2,160,fixHalo,2018-03-19T20:32:44.685Z,529.5585741,1147,0,List Item,3
2,161,fixHalo,2018-03-19T20:32:46.472Z,413.2686419,1030,0,List Item,3
2,162,fixHalo,2018-03-19T20:32:48.091Z,418.7244022,736,0,Grid Item,3
2,163,fixHalo,2018-03-19T20:32:50.035Z,324.3400536,1114,0,Toolbar Item,3
2,164,fixHalo,2018-03-19T20:32:51.845Z,306.7919626,1361,1,List Item,3
2,165,fixHalo,2018-03-19T20:32:53.416Z,200.3572704,1013,0,Toolbar Item,3
2,166,fixHalo,2018-03-19T20:32:55.299Z,330.2876706,904,0,List Item,3
2,167,fixHalo,2018-03-19T20:32:57.080Z,522.6354332,1254,0,List Item,3
2,168,fixHalo,2018-03-19T20:32:58.746Z,401.7442384,968,0,List Item,3
2,169,fixHalo,2018-03-19T20:33:00.532Z,328.4320254,1208,0,Toolbar Item,3
2,170,fixHalo,2018-03-19T20:33:02.052Z,315.4102414,1032,0,Toolbar Item,3
2,171,fixHalo,2018-03-19T20:33:03.407Z,441.6110139,799,0,Grid Item,3
2,172,fixHalo,2018-03-19T20:33:05.182Z,315.2255923,1071,0,Toolbar Item,3
2,173,fixHalo,2018-03-19T20:33:06.877Z,602.2090695,1078,0,Toolbar Item,3
2,174,fixHalo,2018-03-19T20:33:08.448Z,643.2872423,929,0,Toolbar Item,3
2,175,fixHalo,2018-03-19T20:33:09.950Z,411.707157,751,0,List Item,3
2,176,fixHalo,2018-03-19T20:33:11.527Z,466.725945,988,0,List Item,3
2,177,fixHalo,2018-03-19T20:33:13.124Z,442.9917742,911,0,Grid Item,3
2,178,fixHalo,2018-03-19T20:33:15.007Z,369.4183582,944,1,Grid Item,3
2,179,fixHalo,2018-03-19T20:33:16.378Z,341.5743871,720,0,Grid Item,3
2,180,fixHalo,2018-03-19T20:33:17.764Z,536.3747994,766,0,Grid Item,3
2,182,fixHalo,2018-03-19T20:33:23.085Z,313.3819943,1580,0,Grid Item,3
2,183,halo,2018-03-19T20:34:09.513Z,327.6711124,1061,0,List Item,4
2,184,halo,2018-03-19T20:34:11.155Z,431.6440902,1091,0,List Item,4
2,185,halo,2018-03-19T20:34:12.767Z,333.3142788,953,0,List Item,4
2,186,halo,2018-03-19T20:34:14.463Z,335.5635115,1183,0,Toolbar Item,4
2,187,halo,2018-03-19T20:34:15.778Z,360.8668146,804,0,List Item,4
2,188,halo,2018-03-19T20:34:16.908Z,148.096289,666,0,Grid Item,4
2,189,halo,2018-03-19T20:34:18.188Z,125.5823361,676,0,Grid Item,4
2,190,halo,2018-03-19T20:34:19.714Z,416.7665264,932,0,Grid Item,4
2,191,halo,2018-03-19T20:34:21.215Z,649.2234025,826,0,Grid Item,4
2,192,halo,2018-03-19T20:34:22.927Z,343.1840728,1057,0,List Item,4
2,193,halo,2018-03-19T20:34:24.212Z,364.7337673,822,0,List Item,4
2,194,halo,2018-03-19T20:34:25.528Z,374.4074758,752,0,List Item,4
2,195,halo,2018-03-19T20:34:26.992Z,553.3904819,968,0,Grid Item,4
2,196,halo,2018-03-19T20:34:28.502Z,280.5644518,938,0,Grid Item,4
2,197,halo,2018-03-19T20:34:29.819Z,76.82453731,781,0,Toolbar Item,4
2,198,halo,2018-03-19T20:34:31.188Z,408.4843733,898,0,List Item,4
2,199,halo,2018-03-19T20:34:32.676Z,507.6332179,976,0,List Item,4
2,200,halo,2018-03-19T20:34:34.072Z,330.6037216,722,0,List Item,4
2,201,halo,2018-03-19T20:34:35.719Z,527.8317208,1114,0,Toolbar Item,4
2,202,halo,2018-03-19T20:34:37.625Z,305.4793907,1233,0,List Item,4
2,203,halo,2018-03-19T20:34:39.034Z,388.4543844,876,0,List Item,4
2,204,halo,2018-03-19T20:34:40.568Z,435.6871677,883,0,List Item,4
2,205,halo,2018-03-19T20:34:41.935Z,482.2063096,817,0,Toolbar Item,4
2,206,halo,2018-03-19T20:34:43.540Z,192.9735361,664,0,Grid Item,4
2,207,halo,2018-03-19T20:34:45.320Z,585.3173294,843,0,Grid Item,4
2,208,halo,2018-03-19T20:34:47.126Z,310.9414264,1022,0,List Item,4
2,209,halo,2018-03-19T20:34:48.381Z,453.4265509,729,0,Grid Item,4
2,210,halo,2018-03-19T20:34:49.836Z,573.7725561,836,0,List Item,4
2,211,halo,2018-03-19T20:34:51.377Z,452.1594023,782,0,Grid Item,4
2,212,halo,2018-03-19T20:34:53.066Z,359.3252818,1000,0,List Item,4
2,213,halo,2018-03-19T20:34:54.330Z,311.4223149,751,0,List Item,4
2,214,halo,2018-03-19T20:34:55.831Z,306.942251,969,0,Toolbar Item,4
2,215,halo,2018-03-19T20:34:58.378Z,363.5398827,2021,2,List Item,4
2,216,halo,2018-03-19T20:34:59.935Z,491.8391891,940,0,Grid Item,4
2,217,halo,2018-03-19T20:35:01.316Z,324.4118321,736,0,Grid Item,4
2,218,halo,2018-03-19T20:35:02.964Z,363.3837619,1031,0,List Item,4
2,219,halo,2018-03-19T20:35:04.404Z,513.5342983,1000,0,Grid Item,4
2,220,halo,2018-03-19T20:35:06.078Z,285.558617,994,0,Toolbar Item,4
2,221,halo,2018-03-19T20:35:07.549Z,547.4163756,898,0,Grid Item,4
2,222,halo,2018-03-19T20:35:09.049Z,382.419887,957,0,Toolbar Item,4
2,223,halo,2018-03-19T20:35:10.343Z,416.7507001,760,0,List Item,4
2,224,halo,2018-03-19T20:35:11.676Z,333.025049,800,0,List Item,4
2,225,halo,2018-03-19T20:35:12.807Z,116.5327663,612,0,Grid Item,4
2,226,halo,2018-03-19T20:35:14.246Z,643.4093187,943,0,Grid Item,4
2,227,halo,2018-03-19T20:35:16.358Z,454.6752641,1393,0,List Item,4
2,228,halo,2018-03-19T20:35:17.923Z,77.78317335,758,0,Toolbar Item,4
2,229,halo,2018-03-19T20:35:19.482Z,147.8534254,845,0,Toolbar Item,4
2,230,halo,2018-03-19T20:35:20.960Z,422.5274399,945,0,Grid Item,4
2,231,halo,2018-03-19T20:35:22.525Z,410.7811406,1016,0,List Item,4
2,232,halo,2018-03-19T20:35:23.964Z,354.6975109,838,0,Toolbar Item,4
2,233,halo,2018-03-19T20:35:25.491Z,285.3409287,876,0,Toolbar Item,4
2,234,halo,2018-03-19T20:35:26.692Z,106.6435561,645,0,Grid Item,4
2,235,halo,2018-03-19T20:35:28.326Z,423.7087097,1085,1,List Item,4
2,236,halo,2018-03-19T20:35:30.113Z,489.0842935,1138,0,List Item,4
2,237,halo,2018-03-19T20:35:31.817Z,435.8033531,990,0,Grid Item,4
2,238,halo,2018-03-19T20:35:33.304Z,515.3418407,930,0,Toolbar Item,4
2,239,halo,2018-03-19T20:35:34.792Z,470.0196092,859,0,List Item,4
2,240,halo,2018-03-19T20:35:36.132Z,127.3281065,749,0,Toolbar Item,4
2,241,halo,2018-03-19T20:35:37.967Z,81.0475038,1152,0,Grid Item,4
2,242,halo,2018-03-19T20:35:39.450Z,395.3740256,917,0,List Item,4
2,243,bubble,2018-03-19T20:35:55.914Z,302.8154273,990,0,Toolbar Item,5
2,244,bubble,2018-03-19T20:35:58.179Z,447.9133941,1583,1,List Item,5
2,245,bubble,2018-03-19T20:36:00.098Z,391.9896517,969,0,Toolbar Item,5
2,246,bubble,2018-03-19T20:36:01.583Z,549.0794642,975,0,List Item,5
2,247,bubble,2018-03-19T20:36:03.016Z,462.6853273,813,0,Grid Item,5
2,248,bubble,2018-03-19T20:36:04.867Z,459.1973654,1163,0,List Item,5
2,249,bubble,2018-03-19T20:36:06.687Z,409.8682562,1260,1,Grid Item,5
2,250,bubble,2018-03-19T20:36:08.368Z,529.2057377,936,0,Grid Item,5
2,251,bubble,2018-03-19T20:36:09.866Z,432.177481,819,0,Grid Item,5
2,252,bubble,2018-03-19T20:36:11.449Z,242.4522548,901,0,Toolbar Item,5
2,253,bubble,2018-03-19T20:36:12.891Z,324.5351416,847,0,List Item,5
2,254,bubble,2018-03-19T20:36:14.152Z,376.5938279,777,0,Grid Item,5
2,255,bubble,2018-03-19T20:36:15.524Z,539.1119093,708,0,Grid Item,5
2,256,bubble,2018-03-19T20:36:17.589Z,452.0626571,1248,0,List Item,5
2,257,bubble,2018-03-19T20:36:19.208Z,400.4199149,1093,0,List Item,5
2,258,bubble,2018-03-19T20:36:20.424Z,109.8991494,689,0,Grid Item,5
2,259,bubble,2018-03-19T20:36:22.920Z,539.5171878,1968,0,List Item,5
2,260,bubble,2018-03-19T20:36:24.601Z,404.9576975,896,0,Grid Item,5
2,261,bubble,2018-03-19T20:36:26.179Z,408.7712023,1055,0,List Item,5
2,262,bubble,2018-03-19T20:36:27.611Z,564.9119184,888,0,Toolbar Item,5
2,263,bubble,2018-03-19T20:36:29.346Z,422.4192816,851,0,Grid Item,5
2,264,bubble,2018-03-19T20:36:30.987Z,231.0312446,931,0,Toolbar Item,5
2,265,bubble,2018-03-19T20:36:32.777Z,338.8850588,1030,0,List Item,5
2,266,bubble,2018-03-19T20:36:34.055Z,291.8957848,752,0,Grid Item,5
2,267,bubble,2018-03-19T20:36:35.711Z,208.959292,811,0,Grid Item,5
2,268,bubble,2018-03-19T20:36:37.400Z,410.2704085,1052,0,List Item,5
2,269,bubble,2018-03-19T20:36:39.269Z,379.399849,1296,1,List Item,5
2,270,bubble,2018-03-19T20:36:40.839Z,269.5312117,1037,1,Grid Item,5
2,271,bubble,2018-03-19T20:36:42.500Z,321.4860406,841,0,Grid Item,5
2,272,bubble,2018-03-19T20:36:44.037Z,411.281437,889,0,List Item,5
2,273,bubble,2018-03-19T20:36:45.671Z,327.6172812,1100,0,List Item,5
2,274,bubble,2018-03-19T20:36:47.037Z,346.0456561,939,0,List Item,5
2,275,bubble,2018-03-19T20:36:48.444Z,519.9937141,791,0,Toolbar Item,5
2,276,bubble,2018-03-19T20:36:50.155Z,104.8833782,636,0,Grid Item,5
2,277,bubble,2018-03-19T20:36:51.681Z,627.5793782,922,0,Toolbar Item,5
2,278,bubble,2018-03-19T20:36:53.281Z,398.8996992,910,0,List Item,5
2,279,bubble,2018-03-19T20:36:54.865Z,491.1516653,1068,0,List Item,5
2,280,bubble,2018-03-19T20:36:56.397Z,351.3784395,781,0,List Item,5
2,281,bubble,2018-03-19T20:36:57.784Z,313.619627,913,0,Toolbar Item,5
2,282,bubble,2018-03-19T20:36:59.502Z,344.9184617,959,0,Toolbar Item,5
2,283,bubble,2018-03-19T20:37:01.160Z,560.9411516,937,0,Grid Item,5
2,284,bubble,2018-03-19T20:37:02.686Z,602.8544506,759,0,Grid Item,5
2,285,bubble,2018-03-19T20:37:04.266Z,407.9336035,798,0,Grid Item,5
2,286,bubble,2018-03-19T20:37:05.946Z,407.5863193,976,0,List Item,5
2,287,bubble,2018-03-19T20:37:07.064Z,129.8488474,647,0,Grid Item,5
2,288,bubble,2018-03-19T20:37:08.559Z,140.8174724,835,0,Toolbar Item,5
2,289,bubble,2018-03-19T20:37:10.329Z,478.2657818,1270,1,List Item,5
2,290,bubble,2018-03-19T20:37:11.740Z,333.7547123,785,0,List Item,5
2,291,bubble,2018-03-19T20:37:13.047Z,518.1440681,822,0,Toolbar Item,5
2,292,bubble,2018-03-19T20:37:14.479Z,556.6568295,851,0,Grid Item,5
2,293,bubble,2018-03-19T20:37:16.255Z,515.5368927,830,0,Grid Item,5
2,294,bubble,2018-03-19T20:37:17.624Z,164.0916558,729,0,Toolbar Item,5
2,295,bubble,2018-03-19T20:37:19.020Z,490.4875724,914,0,List Item,5
2,296,bubble,2018-03-19T20:37:20.439Z,272.7989797,821,0,List Item,5
2,297,bubble,2018-03-19T20:37:23.448Z,485.0242223,2401,1,List Item,5
2,298,bubble,2018-03-19T20:37:24.999Z,346.3168829,913,0,List Item,5
2,299,bubble,2018-03-19T20:37:26.972Z,519.8767844,1262,0,List Item,5
2,300,bubble,2018-03-19T20:37:28.676Z,239.8547912,1014,0,Toolbar Item,5
2,301,bubble,2018-03-19T20:37:29.830Z,133.2003558,678,0,Toolbar Item,5
2,302,bubble,2018-03-19T20:37:31.356Z,448.3006805,882,0,Grid Item,5
3,1,halo,2018-03-19T20:59:27.439Z,571.3725407,1910,0,List Item,1
3,2,halo,2018-03-19T20:59:33.989Z,686.0364688,1831,0,Toolbar Item,1
3,3,halo,2018-03-19T20:59:36.969Z,578.4528764,1856,0,List Item,1
3,4,halo,2018-03-19T20:59:39.285Z,124.7969158,1279,0,Toolbar Item,1
3,5,halo,2018-03-19T20:59:40.958Z,58.00944076,859,0,Grid Item,1
3,6,halo,2018-03-19T20:59:43.661Z,139.4649841,1842,1,Toolbar Item,1
3,7,halo,2018-03-19T20:59:46.269Z,542.4846979,1867,0,Grid Item,1
3,8,halo,2018-03-19T20:59:48.987Z,697.6859867,1634,0,Grid Item,1
3,9,halo,2018-03-19T20:59:51.473Z,410.2338426,1419,0,List Item,1
3,10,halo,2018-03-19T20:59:54.454Z,518.6148912,1866,0,List Item,1
3,11,halo,2018-03-19T20:59:56.889Z,335.5534128,1388,0,List Item,1
3,12,halo,2018-03-19T21:00:00.511Z,343.7488446,2662,1,List Item,1
3,13,halo,2018-03-19T21:00:04.050Z,251.5191464,2523,0,Toolbar Item,1
3,14,halo,2018-03-19T21:00:06.222Z,356.9396961,1213,0,Grid Item,1
3,15,halo,2018-03-19T21:00:10.422Z,334.2193597,2505,1,List Item,1
3,16,halo,2018-03-19T21:00:12.627Z,662.790624,1472,0,Grid Item,1
3,17,halo,2018-03-19T21:00:14.610Z,311.0111021,1084,0,List Item,1
3,18,halo,2018-03-19T21:00:17.305Z,530.4300782,1611,0,List Item,1
3,19,halo,2018-03-19T21:00:19.120Z,310.6903551,871,0,Grid Item,1
3,20,halo,2018-03-19T21:00:21.518Z,392.3556169,1425,0,List Item,1
3,21,halo,2018-03-19T21:00:23.796Z,752.0199957,1395,0,Grid Item,1
3,22,halo,2018-03-19T21:00:26.087Z,581.0688627,1352,0,Grid Item,1
3,23,halo,2018-03-19T21:00:28.652Z,639.3957978,1596,0,Toolbar Item,1
3,24,halo,2018-03-19T21:00:30.727Z,304.8923519,1122,0,Grid Item,1
3,25,halo,2018-03-19T21:00:32.766Z,226.8541835,900,0,Grid Item,1
3,26,halo,2018-03-19T21:00:34.670Z,341.4088536,1078,0,List Item,1
3,27,halo,2018-03-19T21:00:36.414Z,487.6011411,1085,0,Toolbar Item,1
3,28,halo,2018-03-19T21:00:38.092Z,166.1242577,935,0,Toolbar Item,1
3,29,halo,2018-03-19T21:00:40.123Z,388.3842878,1240,0,List Item,1
3,30,halo,2018-03-19T21:00:41.800Z,452.5751155,885,0,Grid Item,1
3,31,halo,2018-03-19T21:00:44.031Z,283.700248,1227,0,Toolbar Item,1
3,32,halo,2018-03-19T21:00:45.852Z,305.4590549,1007,0,Grid Item,1
3,33,halo,2018-03-19T21:00:49.332Z,585.4560553,2356,0,List Item,1
3,34,halo,2018-03-19T21:00:51.451Z,345.1263126,1166,0,Grid Item,1
3,35,halo,2018-03-19T21:00:53.331Z,270.1617261,924,0,Grid Item,1
3,36,halo,2018-03-19T21:00:55.159Z,76.33131552,1162,0,Toolbar Item,1
3,37,halo,2018-03-19T21:00:57.076Z,369.2674745,1276,0,Toolbar Item,1
3,38,halo,2018-03-19T21:00:59.184Z,434.3301946,1303,0,List Item,1
3,39,halo,2018-03-19T21:01:01.315Z,305.0052143,1141,0,List Item,1
3,40,halo,2018-03-19T21:01:03.427Z,294.9032351,1132,0,List Item,1
3,41,halo,2018-03-19T21:01:04.962Z,198.2118347,832,0,Toolbar Item,1
3,42,halo,2018-03-19T21:01:06.844Z,385.9403522,1264,0,List Item,1
3,43,halo,2018-03-19T21:01:09.537Z,289.6631389,1943,1,Toolbar Item,1
3,44,halo,2018-03-19T21:01:11.669Z,544.333634,1388,0,List Item,1
3,45,halo,2018-03-19T21:01:13.846Z,624.3719733,877,0,Grid Item,1
3,46,halo,2018-03-19T21:01:15.882Z,678.4401675,1177,0,Grid Item,1
3,47,halo,2018-03-19T21:01:17.968Z,354.4947183,1188,0,List Item,1
3,48,halo,2018-03-19T21:01:19.823Z,336.3478935,1014,0,Toolbar Item,1
3,49,halo,2018-03-19T21:01:21.736Z,392.0733581,1216,0,List Item,1
3,50,halo,2018-03-19T21:01:23.967Z,395.8647882,1479,0,List Item,1
3,51,halo,2018-03-19T21:01:26.626Z,473.0290219,1607,0,List Item,1
3,52,halo,2018-03-19T21:01:28.599Z,571.7776761,1190,0,Toolbar Item,1
3,53,halo,2018-03-19T21:01:30.621Z,383.2271751,899,0,List Item,1
3,54,halo,2018-03-19T21:01:32.713Z,460.9631956,1294,0,List Item,1
3,55,halo,2018-03-19T21:01:35.498Z,468.1187541,1904,0,List Item,1
3,56,halo,2018-03-19T21:01:37.916Z,368.9950443,1541,0,Toolbar Item,1
3,57,halo,2018-03-19T21:01:40.021Z,344.9739386,1284,0,List Item,1
3,58,halo,2018-03-19T21:01:42.123Z,166.3354492,1111,0,Toolbar Item,1
3,59,halo,2018-03-19T21:01:43.864Z,315.1191134,990,0,List Item,1
3,60,halo,2018-03-19T21:01:46.096Z,317.3170623,1422,0,List Item,1
3,61,bubble,2018-03-19T21:02:59.693Z,615.211121,1400,0,Grid Item,2
3,62,bubble,2018-03-19T21:03:01.731Z,384.0913917,1030,0,Grid Item,2
3,63,bubble,2018-03-19T21:03:03.952Z,547.7803667,1485,0,List Item,2
3,64,bubble,2018-03-19T21:03:05.694Z,438.3982166,811,0,Grid Item,2
3,65,bubble,2018-03-19T21:03:07.291Z,205.2655788,806,0,Grid Item,2
3,66,bubble,2018-03-19T21:03:09.504Z,348.1232438,1191,0,List Item,2
3,67,bubble,2018-03-19T21:03:11.373Z,342.6882772,1254,0,List Item,2
3,68,bubble,2018-03-19T21:03:13.643Z,528.8647918,1558,0,List Item,2
3,69,bubble,2018-03-19T21:03:16.377Z,199.9612984,1829,1,Toolbar Item,2
3,70,bubble,2018-03-19T21:03:18.115Z,130.7438168,838,0,Grid Item,2
3,71,bubble,2018-03-19T21:03:19.725Z,281.9557078,938,0,Grid Item,2
3,72,bubble,2018-03-19T21:03:21.699Z,447.0193146,1108,0,List Item,2
3,73,bubble,2018-03-19T21:03:23.913Z,478.9215803,1448,0,List Item,2
3,74,bubble,2018-03-19T21:03:26.004Z,291.9210606,1247,0,List Item,2
3,75,bubble,2018-03-19T21:03:28.018Z,486.6923364,1232,0,List Item,2
3,76,bubble,2018-03-19T21:03:30.838Z,86.5144204,1922,1,Toolbar Item,2
3,77,bubble,2018-03-19T21:03:33.085Z,619.6725029,1279,0,Grid Item,2
3,78,bubble,2018-03-19T21:03:35.311Z,443.6495437,1027,0,List Item,2
3,79,bubble,2018-03-19T21:03:37.267Z,143.5912884,967,0,Toolbar Item,2
3,80,bubble,2018-03-19T21:03:39.522Z,392.9125444,1301,0,List Item,2
3,81,bubble,2018-03-19T21:03:41.667Z,355.6490678,1433,0,Toolbar Item,2
3,82,bubble,2018-03-19T21:03:43.424Z,397.8434154,1013,0,Grid Item,2
3,83,bubble,2018-03-19T21:03:45.945Z,138.7600731,1861,1,Toolbar Item,2
3,84,bubble,2018-03-19T21:03:47.833Z,471.8722258,1099,0,Grid Item,2
3,85,bubble,2018-03-19T21:03:50.269Z,404.0464204,1472,0,Toolbar Item,2
3,86,bubble,2018-03-19T21:03:52.842Z,581.335353,1621,0,List Item,2
3,87,bubble,2018-03-19T21:03:54.824Z,486.656537,1039,0,Grid Item,2
3,88,bubble,2018-03-19T21:03:56.643Z,488.5941415,942,0,Grid Item,2
3,89,bubble,2018-03-19T21:03:58.824Z,310.5748591,1371,0,Toolbar Item,2
3,90,bubble,2018-03-19T21:04:00.726Z,244.9020333,1174,0,List Item,2
3,91,bubble,2018-03-19T21:04:02.623Z,287.055253,1169,0,List Item,2
3,92,bubble,2018-03-19T21:04:04.359Z,315.5266975,943,0,Grid Item,2
3,93,bubble,2018-03-19T21:04:06.733Z,576.8915172,1676,0,Grid Item,2
3,94,bubble,2018-03-19T21:04:09.099Z,149.0101311,1091,0,Toolbar Item,2
3,95,bubble,2018-03-19T21:04:10.719Z,269.2365471,788,0,List Item,2
3,96,bubble,2018-03-19T21:04:13.530Z,425.1787779,2021,1,List Item,2
3,97,bubble,2018-03-19T21:04:15.460Z,318.6905326,1055,0,Toolbar Item,2
3,98,bubble,2018-03-19T21:04:17.544Z,632.4799981,1186,0,Grid Item,2
3,99,bubble,2018-03-19T21:04:19.550Z,302.6635394,1195,0,List Item,2
3,100,bubble,2018-03-19T21:04:21.656Z,398.026137,1385,0,List Item,2
3,101,bubble,2018-03-19T21:04:24.003Z,467.9294474,1541,0,List Item,2
3,102,bubble,2018-03-19T21:04:25.746Z,444.4685651,993,0,List Item,2
3,103,bubble,2018-03-19T21:04:27.466Z,463.7269239,930,0,Grid Item,2
3,104,bubble,2018-03-19T21:04:29.999Z,624.0832065,1628,0,Toolbar Item,2
3,105,bubble,2018-03-19T21:04:32.694Z,584.1316619,1672,0,Toolbar Item,2
3,106,bubble,2018-03-19T21:04:34.609Z,176.5842051,817,0,Toolbar Item,2
3,107,bubble,2018-03-19T21:04:36.929Z,400.4425317,1566,0,Grid Item,2
3,108,bubble,2018-03-19T21:04:38.774Z,530.6810811,908,0,Grid Item,2
3,109,bubble,2018-03-19T21:04:41.244Z,575.4160931,1457,0,List Item,2
3,110,bubble,2018-03-19T21:04:43.570Z,357.0303983,1205,0,List Item,2
3,111,bubble,2018-03-19T21:04:46.928Z,577.5346837,2618,1,Toolbar Item,2
3,112,bubble,2018-03-19T21:04:49.843Z,447.4121762,1800,0,List Item,2
3,113,bubble,2018-03-19T21:04:51.759Z,315.8335146,1015,0,Grid Item,2
3,114,bubble,2018-03-19T21:04:54.167Z,318.9839621,1417,0,List Item,2
3,115,bubble,2018-03-19T21:04:56.055Z,601.9496333,1069,0,Grid Item,2
3,116,bubble,2018-03-19T21:04:57.851Z,135.1400031,1036,0,Toolbar Item,2
3,117,bubble,2018-03-19T21:04:59.732Z,411.2821533,1183,0,Grid Item,2
3,118,bubble,2018-03-19T21:05:01.904Z,304.1829985,1249,0,Toolbar Item,2
3,119,bubble,2018-03-19T21:05:04.634Z,499.6809661,1781,0,List Item,2
3,121,bubble,2018-03-19T21:05:16.196Z,373.6580283,1636,0,Toolbar Item,2
3,123,normal,2018-03-19T21:07:00.836Z,67.82741166,800,0,Grid Item,3
3,124,normal,2018-03-19T21:07:02.796Z,349.3223213,1001,0,Grid Item,3
3,125,normal,2018-03-19T21:07:05.334Z,405.3504414,1308,0,List Item,3
3,126,normal,2018-03-19T21:07:07.698Z,259.1709249,1534,0,List Item,3
3,127,normal,2018-03-19T21:07:09.758Z,585.2535227,1331,0,Toolbar Item,3
3,128,normal,2018-03-19T21:07:12.881Z,297.7806388,1381,0,Grid Item,3
3,129,normal,2018-03-19T21:07:15.367Z,579.6634025,1275,0,Grid Item,3
3,130,normal,2018-03-19T21:07:17.653Z,275.7613429,1324,0,List Item,3
3,131,normal,2018-03-19T21:07:19.667Z,288.1886043,1233,0,Grid Item,3
3,132,normal,2018-03-19T21:07:21.806Z,730.2402678,1155,0,Grid Item,3
3,133,normal,2018-03-19T21:07:23.937Z,435.8506296,1365,0,Grid Item,3
3,134,normal,2018-03-19T21:07:25.758Z,359.3388135,1070,0,Grid Item,3
3,135,normal,2018-03-19T21:07:27.538Z,276.6751868,1030,0,Toolbar Item,3
3,136,normal,2018-03-19T21:07:29.846Z,381.3722821,1472,0,List Item,3
3,137,normal,2018-03-19T21:07:31.960Z,535.4293351,1391,0,Grid Item,3
3,138,normal,2018-03-19T21:07:33.473Z,224.4537993,905,0,Grid Item,3
3,139,normal,2018-03-19T21:07:35.432Z,503.0261277,1161,0,Grid Item,3
3,140,normal,2018-03-19T21:07:37.323Z,447.8395002,1218,0,List Item,3
3,141,normal,2018-03-19T21:07:39.458Z,444.2161416,1408,0,List Item,3
3,142,normal,2018-03-19T21:07:41.502Z,349.7959302,1080,0,List Item,3
3,143,normal,2018-03-19T21:07:43.495Z,349.7007726,1254,0,Toolbar Item,3
3,144,normal,2018-03-19T21:07:45.703Z,278.4951629,1209,0,List Item,3
3,145,normal,2018-03-19T21:07:47.904Z,417.0058219,1486,0,List Item,3
3,146,normal,2018-03-19T21:07:49.825Z,466.4730941,798,0,Grid Item,3
3,147,normal,2018-03-19T21:07:52.130Z,668.1405346,1462,0,Toolbar Item,3
3,148,normal,2018-03-19T21:07:54.719Z,528.4505702,1629,0,List Item,3
3,149,normal,2018-03-19T21:07:56.908Z,510.3074249,1355,0,List Item,3
3,150,normal,2018-03-19T21:07:59.161Z,282.261436,1571,0,Toolbar Item,3
3,151,normal,2018-03-19T21:08:01.378Z,354.2391568,1472,0,List Item,3
3,152,normal,2018-03-19T21:08:03.442Z,447.2949031,1229,0,List Item,3
3,153,normal,2018-03-19T21:08:05.795Z,293.8544165,1481,0,List Item,3
3,154,normal,2018-03-19T21:08:07.646Z,127.6113505,1162,0,Toolbar Item,3
3,155,normal,2018-03-19T21:08:09.117Z,268.2817426,906,0,List Item,3
3,156,normal,2018-03-19T21:08:12.067Z,439.4838799,2084,0,List Item,3
3,157,normal,2018-03-19T21:08:13.742Z,171.9885361,919,0,Toolbar Item,3
3,158,normal,2018-03-19T21:08:15.376Z,670.9998687,920,0,Grid Item,3
3,159,normal,2018-03-19T21:08:17.576Z,381.9290801,882,0,Grid Item,3
3,160,normal,2018-03-19T21:08:20.041Z,322.1354419,1582,0,List Item,3
3,161,normal,2018-03-19T21:08:22.703Z,403.5069929,2083,0,List Item,3
3,162,normal,2018-03-19T21:08:25.386Z,431.9630396,1730,0,List Item,3
3,163,normal,2018-03-19T21:08:27.802Z,535.6838485,1729,0,Toolbar Item,3
3,164,normal,2018-03-19T21:08:29.753Z,659.5539483,1208,0,Grid Item,3
3,165,normal,2018-03-19T21:08:31.538Z,114.6637827,793,0,Grid Item,3
3,166,normal,2018-03-19T21:08:33.301Z,494.0493873,1132,0,Grid Item,3
3,167,normal,2018-03-19T21:08:35.533Z,447.5009414,1387,0,List Item,3
3,168,normal,2018-03-19T21:08:37.872Z,426.0592799,1117,0,Grid Item,3
3,169,normal,2018-03-19T21:08:39.675Z,279.1342798,1000,0,Grid Item,3
3,170,normal,2018-03-19T21:08:42.256Z,544.461372,1799,0,Toolbar Item,3
3,171,normal,2018-03-19T21:08:44.248Z,362.9865488,1226,0,Grid Item,3
3,172,normal,2018-03-19T21:08:47.321Z,517.3439189,1951,0,List Item,3
3,173,normal,2018-03-19T21:08:49.452Z,362.222746,1315,0,List Item,3
3,174,normal,2018-03-19T21:08:52.107Z,393.2544465,1989,1,Toolbar Item,3
3,175,normal,2018-03-19T21:08:53.928Z,526.413701,1177,0,Grid Item,3
3,176,normal,2018-03-19T21:08:56.775Z,346.311356,1473,0,List Item,3
3,177,normal,2018-03-19T21:08:59.508Z,458.6555274,2058,0,List Item,3
3,178,normal,2018-03-19T21:09:02.483Z,435.982302,1581,0,List Item,3
3,179,normal,2018-03-19T21:09:04.661Z,511.0590528,1162,0,List Item,3
3,180,normal,2018-03-19T21:09:06.521Z,88.58954725,947,0,Grid Item,3
3,181,normal,2018-03-19T21:09:10.185Z,562.5401304,2844,1,Toolbar Item,3
3,182,normal,2018-03-19T21:09:12.120Z,501.3455998,1199,0,Grid Item,3
3,183,fixBubble,2018-03-19T21:10:25.199Z,481.1085824,1362,0,List Item,4
3,184,fixBubble,2018-03-19T21:10:27.121Z,547.8447976,1107,0,Grid Item,4
3,185,fixBubble,2018-03-19T21:10:29.216Z,409.0394302,1119,0,List Item,4
3,186,fixBubble,2018-03-19T21:10:30.819Z,274.9338949,799,0,Grid Item,4
3,187,fixBubble,2018-03-19T21:10:33.450Z,366.1631538,1982,1,List Item,4
3,188,fixBubble,2018-03-19T21:10:35.877Z,454.9817778,1581,0,List Item,4
3,189,fixBubble,2018-03-19T21:10:37.680Z,371.0025376,853,0,Grid Item,4
3,190,fixBubble,2018-03-19T21:10:39.478Z,305.7101458,955,0,List Item,4
3,191,fixBubble,2018-03-19T21:10:41.219Z,264.2046901,1105,0,List Item,4
3,192,fixBubble,2018-03-19T21:10:43.187Z,452.7281668,1346,0,List Item,4
3,193,fixBubble,2018-03-19T21:10:45.047Z,462.1201523,898,0,Grid Item,4
3,194,fixBubble,2018-03-19T21:10:46.875Z,163.3622761,1054,0,Toolbar Item,4
3,195,fixBubble,2018-03-19T21:10:49.200Z,376.3402784,1605,0,List Item,4
3,196,fixBubble,2018-03-19T21:10:51.677Z,539.2323646,1820,0,List Item,4
3,197,fixBubble,2018-03-19T21:10:53.780Z,642.7512242,1172,0,Toolbar Item,4
3,198,fixBubble,2018-03-19T21:10:55.731Z,318.4860954,1063,0,List Item,4
3,199,fixBubble,2018-03-19T21:10:57.634Z,451.0956208,1139,0,Grid Item,4
3,200,fixBubble,2018-03-19T21:10:59.339Z,467.2526047,868,0,Grid Item,4
3,201,fixBubble,2018-03-19T21:11:01.160Z,696.1720325,1000,0,Grid Item,4
3,202,fixBubble,2018-03-19T21:11:03.962Z,488.7569367,2012,0,List Item,4
3,203,fixBubble,2018-03-19T21:11:05.971Z,325.3140543,968,0,Grid Item,4
3,204,fixBubble,2018-03-19T21:11:07.807Z,625.3071735,1070,0,Grid Item,4
3,205,fixBubble,2018-03-19T21:11:10.113Z,458.7904127,1472,0,List Item,4
3,206,fixBubble,2018-03-19T21:11:12.095Z,337.1932203,1200,0,List Item,4
3,207,fixBubble,2018-03-19T21:11:13.831Z,313.2455793,1038,0,List Item,4
3,208,fixBubble,2018-03-19T21:11:15.443Z,670.1616494,1039,0,Grid Item,4
3,209,fixBubble,2018-03-19T21:11:16.776Z,140.2482021,650,0,Grid Item,4
3,210,fixBubble,2018-03-19T21:11:18.524Z,538.7804498,1060,0,Toolbar Item,4
3,211,fixBubble,2018-03-19T21:11:20.353Z,369.09983,1083,0,Toolbar Item,4
3,212,fixBubble,2018-03-19T21:11:23.572Z,456.2593343,2172,0,List Item,4
3,213,fixBubble,2018-03-19T21:11:26.068Z,470.8133627,1302,0,Grid Item,4
3,214,fixBubble,2018-03-19T21:11:28.028Z,270.7736017,947,0,List Item,4
3,215,fixBubble,2018-03-19T21:11:29.856Z,124.7379557,1099,0,Toolbar Item,4
3,216,fixBubble,2018-03-19T21:11:31.753Z,578.428916,1264,0,Toolbar Item,4
3,217,fixBubble,2018-03-19T21:11:33.999Z,277.6670771,1069,0,List Item,4
3,218,fixBubble,2018-03-19T21:11:35.445Z,484.7039528,882,0,Grid Item,4
3,219,fixBubble,2018-03-19T21:11:37.517Z,673.4894939,1240,0,Grid Item,4
3,220,fixBubble,2018-03-19T21:11:39.759Z,630.436564,1241,0,Toolbar Item,4
3,221,fixBubble,2018-03-19T21:11:41.428Z,180.9442819,836,0,Toolbar Item,4
3,222,fixBubble,2018-03-19T21:11:42.864Z,412.7626847,823,0,Grid Item,4
3,223,fixBubble,2018-03-19T21:11:44.530Z,119.0954737,987,0,Toolbar Item,4
3,224,fixBubble,2018-03-19T21:11:46.626Z,460.4073119,1410,0,List Item,4
3,225,fixBubble,2018-03-19T21:11:48.392Z,341.8912424,1001,0,Grid Item,4
3,226,fixBubble,2018-03-19T21:11:50.905Z,112.6176932,1909,1,Toolbar Item,4
3,227,fixBubble,2018-03-19T21:11:53.002Z,553.7078523,1234,0,Toolbar Item,4
3,228,fixBubble,2018-03-19T21:11:55.316Z,396.5082818,1386,0,List Item,4
3,229,fixBubble,2018-03-19T21:11:56.944Z,251.2776514,1022,0,Grid Item,4
3,230,fixBubble,2018-03-19T21:11:59.107Z,519.3294764,1443,0,List Item,4
3,231,fixBubble,2018-03-19T21:12:01.037Z,199.7487989,833,0,Grid Item,4
3,232,fixBubble,2018-03-19T21:12:03.473Z,625.254717,1447,0,Toolbar Item,4
3,233,fixBubble,2018-03-19T21:12:05.637Z,680.4382495,1248,0,Grid Item,4
3,234,fixBubble,2018-03-19T21:12:07.589Z,554.3060398,952,0,Grid Item,4
3,235,fixBubble,2018-03-19T21:12:10.292Z,292.1510621,1790,1,List Item,4
3,236,fixBubble,2018-03-19T21:12:11.971Z,278.5893139,999,0,Toolbar Item,4
3,237,fixBubble,2018-03-19T21:12:13.971Z,392.1725937,1350,0,List Item,4
3,238,fixBubble,2018-03-19T21:12:15.899Z,391.0426248,889,0,Grid Item,4
3,239,fixBubble,2018-03-19T21:12:17.800Z,549.1194632,1126,0,Grid Item,4
3,240,fixBubble,2018-03-19T21:12:20.053Z,392.9030321,1232,0,List Item,4
3,241,fixBubble,2018-03-19T21:12:22.150Z,293.4167993,1332,0,List Item,4
3,242,fixBubble,2018-03-19T21:12:25.299Z,634.9722817,1030,0,Grid Item,4
3,243,fixHalo,2018-03-19T21:13:35.239Z,176.1886654,1255,0,Toolbar Item,5
3,244,fixHalo,2018-03-19T21:13:36.805Z,410.7735046,845,0,Grid Item,5
3,245,fixHalo,2018-03-19T21:13:39.113Z,504.3230911,1302,0,List Item,5
3,246,fixHalo,2018-03-19T21:13:41.522Z,483.7673566,1210,0,List Item,5
3,247,fixHalo,2018-03-19T21:13:43.357Z,312.4677132,899,0,Grid Item,5
3,248,fixHalo,2018-03-19T21:13:45.031Z,596.2725979,1015,0,Grid Item,5
3,249,fixHalo,2018-03-19T21:13:46.604Z,577.172828,782,0,Grid Item,5
3,250,fixHalo,2018-03-19T21:13:48.766Z,349.4096707,1333,0,List Item,5
3,251,fixHalo,2018-03-19T21:13:50.594Z,555.96787,1123,0,Grid Item,5
3,252,fixHalo,2018-03-19T21:13:52.714Z,354.003668,1329,0,Toolbar Item,5
3,253,fixHalo,2018-03-19T21:13:54.381Z,480.2878408,885,0,Grid Item,5
3,254,fixHalo,2018-03-19T21:13:56.557Z,259.2609377,1333,0,Toolbar Item,5
3,255,fixHalo,2018-03-19T21:13:58.657Z,423.7881021,1402,0,List Item,5
3,256,fixHalo,2018-03-19T21:14:00.935Z,441.4589793,1443,0,List Item,5
3,257,fixHalo,2018-03-19T21:14:03.319Z,553.575327,1555,0,List Item,5
3,258,fixHalo,2018-03-19T21:14:05.200Z,131.3816264,1120,0,Toolbar Item,5
3,259,fixHalo,2018-03-19T21:14:07.209Z,390.2731003,1389,0,List Item,5
3,260,fixHalo,2018-03-19T21:14:08.827Z,168.9265246,1009,0,Toolbar Item,5
3,261,fixHalo,2018-03-19T21:14:10.608Z,173.4731799,1200,0,Toolbar Item,5
3,262,fixHalo,2018-03-19T21:14:12.189Z,227.5665737,985,0,Grid Item,5
3,263,fixHalo,2018-03-19T21:14:13.801Z,370.4836943,921,0,List Item,5
3,264,fixHalo,2018-03-19T21:14:15.715Z,328.830341,1156,0,List Item,5
3,265,fixHalo,2018-03-19T21:14:17.597Z,293.4491594,1218,0,Grid Item,5
3,266,fixHalo,2018-03-19T21:14:19.571Z,285.6195121,1039,0,Toolbar Item,5
3,267,fixHalo,2018-03-19T21:14:21.470Z,221.7497365,899,0,Grid Item,5
3,268,fixHalo,2018-03-19T21:14:23.630Z,439.2705235,1409,0,List Item,5
3,269,fixHalo,2018-03-19T21:14:26.026Z,383.728459,1692,1,List Item,5
3,270,fixHalo,2018-03-19T21:14:27.803Z,365.3755904,1121,0,Toolbar Item,5
3,271,fixHalo,2018-03-19T21:14:30.391Z,693.9393699,1658,0,Toolbar Item,5
3,272,fixHalo,2018-03-19T21:14:32.932Z,291.8113359,1286,0,Toolbar Item,5
3,273,fixHalo,2018-03-19T21:14:34.899Z,358.4827301,1154,0,Toolbar Item,5
3,274,fixHalo,2018-03-19T21:14:36.620Z,320.5058257,993,0,Toolbar Item,5
3,275,fixHalo,2018-03-19T21:14:38.688Z,352.1827903,1356,0,List Item,5
3,276,fixHalo,2018-03-19T21:14:40.438Z,649.2959158,1139,0,Toolbar Item,5
3,277,fixHalo,2018-03-19T21:14:42.122Z,159.4765861,823,0,Toolbar Item,5
3,278,fixHalo,2018-03-19T21:14:44.047Z,120.5010141,1238,0,Toolbar Item,5
3,279,fixHalo,2018-03-19T21:14:46.327Z,328.9026778,1314,0,Grid Item,5
3,280,fixHalo,2018-03-19T21:14:48.171Z,588.1397034,1000,0,Grid Item,5
3,281,fixHalo,2018-03-19T21:14:49.857Z,291.9393279,944,0,Grid Item,5
3,282,fixHalo,2018-03-19T21:14:52.297Z,517.6235531,1548,0,List Item,5
3,283,fixHalo,2018-03-19T21:14:54.832Z,536.0787891,1605,0,List Item,5
3,284,fixHalo,2018-03-19T21:14:56.627Z,579.8486205,922,0,Grid Item,5
3,285,fixHalo,2018-03-19T21:14:58.935Z,430.7209334,1278,0,Toolbar Item,5
3,286,fixHalo,2018-03-19T21:15:00.998Z,345.8851101,1257,0,Toolbar Item,5
3,287,fixHalo,2018-03-19T21:15:02.586Z,290.0915307,892,0,Grid Item,5
3,288,fixHalo,2018-03-19T21:15:04.328Z,436.0505246,1043,0,Grid Item,5
3,289,fixHalo,2018-03-19T21:15:05.924Z,196.5100985,866,0,Toolbar Item,5
3,290,fixHalo,2018-03-19T21:15:07.621Z,335.5070869,1021,0,List Item,5
3,291,fixHalo,2018-03-19T21:15:09.349Z,656.741139,1000,0,Grid Item,5
3,292,fixHalo,2018-03-19T21:15:11.278Z,491.8469506,1271,0,Toolbar Item,5
3,293,fixHalo,2018-03-19T21:15:13.323Z,442.2538922,1240,0,List Item,5
3,294,fixHalo,2018-03-19T21:15:15.695Z,362.0113849,1429,0,Toolbar Item,5
3,295,fixHalo,2018-03-19T21:15:18.087Z,536.9865155,1405,0,List Item,5
3,296,fixHalo,2018-03-19T21:15:19.886Z,81.66253931,699,0,Grid Item,5
3,297,fixHalo,2018-03-19T21:15:21.398Z,260.0689503,853,0,Grid Item,5
3,298,fixHalo,2018-03-19T21:15:23.339Z,413.8026621,1347,0,List Item,5
3,299,fixHalo,2018-03-19T21:15:25.078Z,479.3316755,985,0,List Item,5
3,300,fixHalo,2018-03-19T21:15:26.777Z,426.4237579,978,0,Grid Item,5
3,301,fixHalo,2018-03-19T21:15:28.553Z,381.5469787,941,0,Grid Item,5
3,302,fixHalo,2018-03-19T21:15:30.468Z,463.3508635,900,0,Grid Item,5
4,1,fixHalo,2018-03-20T13:37:00.681Z,398.7334077,1060,0,List Item,1
4,2,fixHalo,2018-03-20T13:37:02.609Z,548.8570105,1315,0,List Item,1
4,3,fixHalo,2018-03-20T13:37:04.141Z,108.7464683,987,0,Toolbar Item,1
4,4,fixHalo,2018-03-20T13:37:05.442Z,412.966188,886,0,Grid Item,1
4,5,fixHalo,2018-03-20T13:37:07.652Z,402.4145312,1186,0,List Item,1
4,6,fixHalo,2018-03-20T13:37:10.183Z,306.4988674,2109,1,List Item,1
4,7,fixHalo,2018-03-20T13:37:11.451Z,300.8586823,802,0,Grid Item,1
4,8,fixHalo,2018-03-20T13:37:13.508Z,312.3268808,1505,1,List Item,1
4,9,fixHalo,2018-03-20T13:37:14.482Z,145.1513287,548,0,Grid Item,1
4,10,fixHalo,2018-03-20T13:37:15.707Z,387.4624136,763,0,Grid Item,1
4,11,fixHalo,2018-03-20T13:37:17.485Z,350.2487058,955,0,List Item,1
4,12,fixHalo,2018-03-20T13:37:19.403Z,589.8063016,1416,0,Toolbar Item,1
4,13,fixHalo,2018-03-20T13:37:20.913Z,561.9063517,986,0,Grid Item,1
4,14,fixHalo,2018-03-20T13:37:22.300Z,247.3114865,816,0,Grid Item,1
4,15,fixHalo,2018-03-20T13:37:23.694Z,303.1717898,904,0,Toolbar Item,1
4,16,fixHalo,2018-03-20T13:37:25.216Z,538.9726321,1000,0,Toolbar Item,1
4,17,fixHalo,2018-03-20T13:37:27.329Z,195.1971601,1520,1,Toolbar Item,1
4,18,fixHalo,2018-03-20T13:37:28.529Z,243.0731811,724,0,Grid Item,1
4,19,fixHalo,2018-03-20T13:37:30.610Z,571.7941048,1171,0,Toolbar Item,1
4,20,fixHalo,2018-03-20T13:37:35.180Z,505.4501438,2148,0,Toolbar Item,1
4,21,fixHalo,2018-03-20T13:37:36.790Z,338.3496421,917,0,List Item,1
4,22,fixHalo,2018-03-20T13:37:38.808Z,375.5143375,1511,1,List Item,1
4,23,fixHalo,2018-03-20T13:37:39.949Z,138.865027,603,0,Grid Item,1
4,24,fixHalo,2018-03-20T13:37:41.138Z,215.2654944,730,0,Grid Item,1
4,25,fixHalo,2018-03-20T13:37:42.902Z,685.4877906,1250,0,Grid Item,1
4,26,fixHalo,2018-03-20T13:37:45.253Z,366.2919333,1152,0,List Item,1
4,27,fixHalo,2018-03-20T13:37:46.762Z,345.8652454,925,0,List Item,1
4,28,fixHalo,2018-03-20T13:37:48.093Z,156.2003333,855,0,Toolbar Item,1
4,29,fixHalo,2018-03-20T13:37:49.510Z,656.3138435,1016,0,Grid Item,1
4,30,fixHalo,2018-03-20T13:37:51.282Z,469.6876148,1110,0,List Item,1
4,31,fixHalo,2018-03-20T13:37:53.068Z,682.4195455,1094,0,Grid Item,1
4,32,fixHalo,2018-03-20T13:37:54.776Z,495.0533528,1030,0,Grid Item,1
4,33,fixHalo,2018-03-20T13:37:56.487Z,387.8755988,1008,0,Toolbar Item,1
4,34,fixHalo,2018-03-20T13:37:57.836Z,260.7977776,896,0,List Item,1
4,35,fixHalo,2018-03-20T13:37:59.012Z,394.3135295,732,0,Grid Item,1
4,36,fixHalo,2018-03-20T13:38:01.231Z,255.6833907,1712,1,Toolbar Item,1
4,37,fixHalo,2018-03-20T13:38:02.520Z,192.656187,785,0,Toolbar Item,1
4,38,fixHalo,2018-03-20T13:38:03.805Z,349.6719431,832,0,List Item,1
4,39,fixHalo,2018-03-20T13:38:05.475Z,486.0793843,1262,0,List Item,1
4,40,fixHalo,2018-03-20T13:38:07.601Z,449.175473,1448,0,List Item,1
4,41,fixHalo,2018-03-20T13:38:09.396Z,413.6656626,1155,0,List Item,1
4,42,fixHalo,2018-03-20T13:38:10.982Z,250.3908123,670,0,Grid Item,1
4,43,fixHalo,2018-03-20T13:38:12.475Z,361.5889141,923,0,List Item,1
4,44,fixHalo,2018-03-20T13:38:13.907Z,709.1805473,932,0,Grid Item,1
4,45,fixHalo,2018-03-20T13:38:15.708Z,456.2011403,1118,0,List Item,1
4,46,fixHalo,2018-03-20T13:38:17.233Z,285.7968564,860,0,List Item,1
4,47,fixHalo,2018-03-20T13:38:18.658Z,88.16132792,878,0,Toolbar Item,1
4,48,fixHalo,2018-03-20T13:38:20.043Z,668.174705,908,0,Toolbar Item,1
4,49,fixHalo,2018-03-20T13:38:21.345Z,387.2919184,792,0,List Item,1
4,50,fixHalo,2018-03-20T13:38:22.681Z,176.0020424,804,0,Toolbar Item,1
4,51,fixHalo,2018-03-20T13:38:23.895Z,192.3095703,778,0,Toolbar Item,1
4,52,fixHalo,2018-03-20T13:38:25.135Z,204.2631727,788,0,Toolbar Item,1
4,53,fixHalo,2018-03-20T13:38:26.770Z,380.0854741,829,0,List Item,1
4,54,fixHalo,2018-03-20T13:38:28.743Z,333.9403659,1095,0,List Item,1
4,55,fixHalo,2018-03-20T13:38:30.012Z,440.5659347,799,0,List Item,1
4,56,fixHalo,2018-03-20T13:38:31.300Z,433.4811229,795,0,Grid Item,1
4,57,fixHalo,2018-03-20T13:38:32.600Z,344.3757109,772,0,List Item,1
4,58,fixHalo,2018-03-20T13:38:34.331Z,572.1218996,1355,0,List Item,1
4,59,fixHalo,2018-03-20T13:38:36.003Z,182.2148632,925,0,Toolbar Item,1
4,60,fixHalo,2018-03-20T13:38:37.487Z,581.3138761,958,0,Grid Item,1
4,61,halo,2018-03-20T13:40:14.226Z,430.2339543,1238,0,List Item,2
4,62,halo,2018-03-20T13:40:15.481Z,249.5797395,717,0,Grid Item,2
4,63,halo,2018-03-20T13:40:16.990Z,332.2339995,1017,0,Toolbar Item,2
4,64,halo,2018-03-20T13:40:18.974Z,468.0875246,1524,0,List Item,2
4,65,halo,2018-03-20T13:40:20.779Z,410.6118864,856,0,Grid Item,2
4,66,halo,2018-03-20T13:40:22.509Z,335.1013546,1118,0,List Item,2
4,67,halo,2018-03-20T13:40:24.397Z,530.0512762,1441,0,List Item,2
4,68,halo,2018-03-20T13:40:25.668Z,201.5536107,713,0,Grid Item,2
4,69,halo,2018-03-20T13:40:27.231Z,395.807978,1094,0,List Item,2
4,70,halo,2018-03-20T13:40:29.308Z,542.0525163,1568,0,List Item,2
4,71,halo,2018-03-20T13:40:30.956Z,353.2774306,955,0,List Item,2
4,72,halo,2018-03-20T13:40:32.484Z,616.9112972,881,0,Grid Item,2
4,73,halo,2018-03-20T13:40:34.458Z,676.8367775,1386,1,Grid Item,2
4,74,halo,2018-03-20T13:40:35.720Z,171.3149027,630,0,Grid Item,2
4,75,halo,2018-03-20T13:40:37.084Z,342.4432147,817,0,List Item,2
4,76,halo,2018-03-20T13:40:38.491Z,639.8588018,916,0,Grid Item,2
4,77,halo,2018-03-20T13:40:40.240Z,479.500931,923,0,List Item,2
4,78,halo,2018-03-20T13:40:41.634Z,150.5234057,784,0,Toolbar Item,2
4,79,halo,2018-03-20T13:40:43.066Z,529.6988225,895,0,List Item,2
4,80,halo,2018-03-20T13:40:45.004Z,388.9621512,984,0,List Item,2
4,81,halo,2018-03-20T13:40:46.273Z,367.8558384,845,0,List Item,2
4,82,halo,2018-03-20T13:40:48.207Z,450.7522245,1240,0,List Item,2
4,83,halo,2018-03-20T13:40:49.748Z,487.6905247,865,0,Grid Item,2
4,84,halo,2018-03-20T13:40:51.020Z,557.9262257,750,0,Grid Item,2
4,85,halo,2018-03-20T13:40:52.751Z,434.377736,1239,0,List Item,2
4,86,halo,2018-03-20T13:40:54.089Z,717.6024831,785,0,Grid Item,2
4,87,halo,2018-03-20T13:40:55.473Z,339.3057205,799,0,Grid Item,2
4,88,halo,2018-03-20T13:40:56.661Z,334.4592731,710,0,List Item,2
4,89,halo,2018-03-20T13:40:57.862Z,127.5873999,811,0,Toolbar Item,2
4,90,halo,2018-03-20T13:40:59.254Z,544.900126,892,0,Grid Item,2
4,91,halo,2018-03-20T13:41:01.095Z,487.1682774,1156,0,List Item,2
4,92,halo,2018-03-20T13:41:02.864Z,484.3744911,847,0,Grid Item,2
4,93,halo,2018-03-20T13:41:04.587Z,728.1952772,1153,0,Toolbar Item,2
4,94,halo,2018-03-20T13:41:06.062Z,42.97464451,526,0,Grid Item,2
4,95,halo,2018-03-20T13:41:07.311Z,633.1895638,788,0,Toolbar Item,2
4,96,halo,2018-03-20T13:41:08.693Z,356.0841853,667,0,Grid Item,2
4,97,halo,2018-03-20T13:41:10.278Z,468.3187811,1101,0,List Item,2
4,98,halo,2018-03-20T13:41:11.563Z,453.7818555,730,0,Grid Item,2
4,99,halo,2018-03-20T13:41:12.901Z,686.5309432,759,0,Grid Item,2
4,100,halo,2018-03-20T13:41:15.033Z,509.6872868,1578,0,List Item,2
4,101,halo,2018-03-20T13:41:16.419Z,281.0741775,708,0,List Item,2
4,102,halo,2018-03-20T13:41:17.796Z,369.5454208,932,0,List Item,2
4,103,halo,2018-03-20T13:41:19.146Z,396.7629874,874,0,List Item,2
4,104,halo,2018-03-20T13:41:20.478Z,112.2915617,848,0,Toolbar Item,2
4,105,halo,2018-03-20T13:41:21.721Z,425.9220691,851,0,Grid Item,2
4,106,halo,2018-03-20T13:41:23.613Z,307.415105,1405,1,Grid Item,2
4,107,halo,2018-03-20T13:41:24.628Z,88.70792186,541,0,Grid Item,2
4,108,halo,2018-03-20T13:41:26.097Z,310.4032144,985,0,List Item,2
4,109,halo,2018-03-20T13:41:27.445Z,331.5414276,924,0,List Item,2
4,110,halo,2018-03-20T13:41:28.860Z,83.75459903,493,0,Grid Item,2
4,111,halo,2018-03-20T13:41:30.016Z,311.189969,709,0,Grid Item,2
4,112,halo,2018-03-20T13:41:31.383Z,615.2264204,929,0,Grid Item,2
4,113,halo,2018-03-20T13:41:32.804Z,419.5823634,833,0,Grid Item,2
4,114,halo,2018-03-20T13:41:34.620Z,373.8957035,1280,0,Toolbar Item,2
4,115,halo,2018-03-20T13:41:35.969Z,528.4565124,786,0,Toolbar Item,2
4,116,halo,2018-03-20T13:41:37.184Z,550.3609027,754,0,Toolbar Item,2
4,117,halo,2018-03-20T13:41:38.649Z,210.4358481,610,0,Grid Item,2
4,118,halo,2018-03-20T13:41:39.909Z,411.3618644,756,0,Grid Item,2
4,119,halo,2018-03-20T13:41:41.880Z,427.1903475,1332,0,List Item,2
4,120,halo,2018-03-20T13:41:43.381Z,370.5716467,762,0,Grid Item,2
4,121,bubble,2018-03-20T13:42:07.862Z,360.0506172,1085,0,Toolbar Item,3
4,122,bubble,2018-03-20T13:42:10.017Z,448.3904789,1615,1,Grid Item,3
4,123,bubble,2018-03-20T13:42:11.796Z,530.206785,1063,0,Grid Item,3
4,124,bubble,2018-03-20T13:42:13.278Z,237.7864244,915,0,Toolbar Item,3
4,125,bubble,2018-03-20T13:42:14.893Z,428.2819855,1200,0,Grid Item,3
4,126,bubble,2018-03-20T13:42:16.652Z,380.0372585,1189,0,List Item,3
4,127,bubble,2018-03-20T13:42:19.122Z,326.2946221,1902,1,List Item,3
4,128,bubble,2018-03-20T13:42:20.623Z,208.3785169,985,0,Toolbar Item,3
4,129,bubble,2018-03-20T13:42:22.995Z,213.9987006,1487,1,Toolbar Item,3
4,130,bubble,2018-03-20T13:42:24.281Z,236.9222885,787,0,Grid Item,3
4,131,bubble,2018-03-20T13:42:25.890Z,358.4401926,1142,0,Grid Item,3
4,132,bubble,2018-03-20T13:42:27.444Z,415.7202699,1056,0,List Item,3
4,133,bubble,2018-03-20T13:42:28.982Z,639.2778141,1015,0,Grid Item,3
4,134,bubble,2018-03-20T13:42:30.508Z,613.6889469,925,0,Toolbar Item,3
4,135,bubble,2018-03-20T13:42:32.441Z,256.7840403,1054,0,List Item,3
4,136,bubble,2018-03-20T13:42:33.693Z,247.8286071,843,0,Toolbar Item,3
4,137,bubble,2018-03-20T13:42:35.334Z,486.0636463,1252,0,List Item,3
4,138,bubble,2018-03-20T13:42:37.066Z,364.5159229,939,0,Grid Item,3
4,139,bubble,2018-03-20T13:42:38.484Z,101.7899577,719,0,Grid Item,3
4,140,bubble,2018-03-20T13:42:40.010Z,469.728771,1026,0,List Item,3
4,141,bubble,2018-03-20T13:42:41.450Z,329.5703346,881,0,List Item,3
4,142,bubble,2018-03-20T13:42:42.702Z,375.2615862,805,0,Grid Item,3
4,143,bubble,2018-03-20T13:42:44.211Z,443.5351658,978,0,List Item,3
4,144,bubble,2018-03-20T13:42:45.462Z,392.4610595,774,0,Grid Item,3
4,145,bubble,2018-03-20T13:42:46.774Z,532.8531316,830,0,Grid Item,3
4,146,bubble,2018-03-20T13:42:47.858Z,199.8301979,575,0,Grid Item,3
4,147,bubble,2018-03-20T13:42:49.677Z,520.7876535,995,0,List Item,3
4,148,bubble,2018-03-20T13:42:51.147Z,170.1328348,803,0,Toolbar Item,3
4,149,bubble,2018-03-20T13:42:52.816Z,425.7729507,1295,1,List Item,3
4,150,bubble,2018-03-20T13:42:54.686Z,337.3235917,833,0,List Item,3
4,151,bubble,2018-03-20T13:42:55.964Z,613.4257279,861,0,Grid Item,3
4,152,bubble,2018-03-20T13:42:57.480Z,618.9308715,951,0,Grid Item,3
4,153,bubble,2018-03-20T13:42:58.943Z,293.8374224,816,0,List Item,3
4,154,bubble,2018-03-20T13:43:00.209Z,253.1603422,850,0,Toolbar Item,3
4,155,bubble,2018-03-20T13:43:01.551Z,380.2250722,907,0,List Item,3
4,156,bubble,2018-03-20T13:43:02.899Z,477.1937083,939,0,Toolbar Item,3
4,157,bubble,2018-03-20T13:43:04.308Z,293.9016778,763,0,Grid Item,3
4,158,bubble,2018-03-20T13:43:05.995Z,137.3743339,764,0,Toolbar Item,3
4,159,bubble,2018-03-20T13:43:07.817Z,346.3413495,1407,1,Toolbar Item,3
4,160,bubble,2018-03-20T13:43:09.134Z,361.4975008,893,0,List Item,3
4,161,bubble,2018-03-20T13:43:10.534Z,424.2073113,999,0,List Item,3
4,162,bubble,2018-03-20T13:43:11.807Z,614.9471308,793,0,Grid Item,3
4,163,bubble,2018-03-20T13:43:14.395Z,182.8840367,2084,2,Toolbar Item,3
4,164,bubble,2018-03-20T13:43:16.082Z,381.017444,1093,0,List Item,3
4,165,bubble,2018-03-20T13:43:17.346Z,452.9885734,792,0,Grid Item,3
4,166,bubble,2018-03-20T13:43:18.915Z,316.7005829,786,0,Toolbar Item,3
4,167,bubble,2018-03-20T13:43:20.229Z,283.0955829,838,0,Toolbar Item,3
4,168,bubble,2018-03-20T13:43:21.723Z,479.4375457,1062,0,Toolbar Item,3
4,169,bubble,2018-03-20T13:43:23.685Z,452.660889,1201,0,List Item,3
4,170,bubble,2018-03-20T13:43:25.248Z,374.3810461,999,0,List Item,3
4,171,bubble,2018-03-20T13:43:26.741Z,347.4017802,1066,0,Toolbar Item,3
4,172,bubble,2018-03-20T13:43:28.288Z,514.3665938,1047,0,List Item,3
4,173,bubble,2018-03-20T13:43:29.685Z,577.1082092,889,0,Grid Item,3
4,174,bubble,2018-03-20T13:43:31.052Z,541.8347171,768,0,Grid Item,3
4,175,bubble,2018-03-20T13:43:32.342Z,113.0687073,753,0,Toolbar Item,3
4,176,bubble,2018-03-20T13:43:33.612Z,258.4391782,813,0,Toolbar Item,3
4,177,bubble,2018-03-20T13:43:35.476Z,499.3272273,938,0,List Item,3
4,178,bubble,2018-03-20T13:43:36.985Z,322.4170714,963,0,List Item,3
4,179,bubble,2018-03-20T13:43:38.302Z,425.7729507,833,0,List Item,3
4,180,bubble,2018-03-20T13:43:39.701Z,347.8152783,916,0,List Item,3
4,181,normal,2018-03-20T13:43:56.866Z,618.7809071,878,0,Grid Item,4
4,182,normal,2018-03-20T13:43:58.312Z,385.9382142,878,0,List Item,4
4,183,normal,2018-03-20T13:43:59.503Z,455.2519194,767,0,Grid Item,4
4,184,normal,2018-03-20T13:44:00.865Z,115.4347019,883,0,Toolbar Item,4
4,185,normal,2018-03-20T13:44:02.551Z,470.9485435,1285,0,List Item,4
4,186,normal,2018-03-20T13:44:03.832Z,237.8497334,647,0,Grid Item,4
4,187,normal,2018-03-20T13:44:05.708Z,508.3774782,1366,1,Toolbar Item,4
4,188,normal,2018-03-20T13:44:07.108Z,367.0276681,662,0,Grid Item,4
4,189,normal,2018-03-20T13:44:09.063Z,241.5507837,963,0,Toolbar Item,4
4,190,normal,2018-03-20T13:44:10.284Z,309.4325136,865,0,List Item,4
4,191,normal,2018-03-20T13:44:12.218Z,672.6209363,1184,0,Toolbar Item,4
4,192,normal,2018-03-20T13:44:14.109Z,389.7856371,1329,0,List Item,4
4,193,normal,2018-03-20T13:44:15.624Z,391.3085011,1054,0,List Item,4
4,194,normal,2018-03-20T13:44:17.187Z,529.8643389,1069,0,List Item,4
4,195,normal,2018-03-20T13:44:18.603Z,322.7430564,907,0,List Item,4
4,196,normal,2018-03-20T13:44:19.684Z,281.4002871,666,0,Grid Item,4
4,197,normal,2018-03-20T13:44:20.822Z,272.9727258,696,0,Grid Item,4
4,198,normal,2018-03-20T13:44:21.984Z,384.9087843,717,0,Grid Item,4
4,199,normal,2018-03-20T13:44:23.367Z,439.8760258,984,0,List Item,4
4,200,normal,2018-03-20T13:44:25.047Z,455.5338049,709,0,Grid Item,4
4,201,normal,2018-03-20T13:44:26.577Z,105.4406004,1026,0,Toolbar Item,4
4,202,normal,2018-03-20T13:44:27.541Z,85.57902972,541,0,Grid Item,4
4,203,normal,2018-03-20T13:44:28.538Z,265.6595264,570,0,Grid Item,4
4,204,normal,2018-03-20T13:44:29.749Z,251.655038,695,0,Grid Item,4
4,205,normal,2018-03-20T13:44:31.808Z,522.7883586,1454,0,List Item,4
4,206,normal,2018-03-20T13:44:33.201Z,375.8189293,791,0,List Item,4
4,207,normal,2018-03-20T13:44:34.649Z,332.1854608,1023,0,List Item,4
4,208,normal,2018-03-20T13:44:35.822Z,456.0442798,821,0,Grid Item,4
4,209,normal,2018-03-20T13:44:37.231Z,625.2162415,849,0,Grid Item,4
4,210,normal,2018-03-20T13:44:38.504Z,475.0341935,774,0,Grid Item,4
4,211,normal,2018-03-20T13:44:40.045Z,353.0993743,945,0,List Item,4
4,212,normal,2018-03-20T13:44:41.922Z,355.2689196,894,0,List Item,4
4,213,normal,2018-03-20T13:44:43.638Z,355.4597453,1300,1,List Item,4
4,214,normal,2018-03-20T13:44:45.178Z,484.60454,784,0,Grid Item,4
4,215,normal,2018-03-20T13:44:47.327Z,210.0017464,1601,2,Toolbar Item,4
4,216,normal,2018-03-20T13:44:48.610Z,442.1887422,784,0,Grid Item,4
4,217,normal,2018-03-20T13:44:49.734Z,92.73912525,548,0,Grid Item,4
4,218,normal,2018-03-20T13:44:51.139Z,477.5208468,944,0,Grid Item,4
4,219,normal,2018-03-20T13:44:53.227Z,354.6810617,1408,1,List Item,4
4,220,normal,2018-03-20T13:44:54.692Z,344.6311878,981,0,List Item,4
4,221,normal,2018-03-20T13:44:56.020Z,509.0076721,810,0,Grid Item,4
4,222,normal,2018-03-20T13:44:57.998Z,313.9552064,1018,0,Toolbar Item,4
4,223,normal,2018-03-20T13:44:59.350Z,114.1815789,883,0,Toolbar Item,4
4,224,normal,2018-03-20T13:45:00.607Z,229.1570048,841,0,Grid Item,4
4,225,normal,2018-03-20T13:45:02.556Z,198.7696692,1450,1,Toolbar Item,4
4,226,normal,2018-03-20T13:45:03.898Z,188.0084943,954,0,Toolbar Item,4
4,227,normal,2018-03-20T13:45:05.123Z,164.3859226,844,0,Toolbar Item,4
4,228,normal,2018-03-20T13:45:06.590Z,380.3913354,1100,0,List Item,4
4,229,normal,2018-03-20T13:45:07.998Z,307.6206156,885,0,List Item,4
4,230,normal,2018-03-20T13:45:09.237Z,366.201267,853,0,List Item,4
4,231,normal,2018-03-20T13:45:10.359Z,446.8437476,761,0,Grid Item,4
4,232,normal,2018-03-20T13:45:12.085Z,483.3137496,1201,0,List Item,4
4,233,normal,2018-03-20T13:45:14.166Z,366.3712899,1196,1,Toolbar Item,4
4,234,normal,2018-03-20T13:45:16.650Z,367.6255639,1591,1,Toolbar Item,4
4,235,normal,2018-03-20T13:45:18.543Z,538.5508617,1338,0,List Item,4
4,236,normal,2018-03-20T13:45:19.829Z,225.1278701,700,0,Grid Item,4
4,237,normal,2018-03-20T13:45:21.031Z,461.9080238,756,0,Grid Item,4
4,238,normal,2018-03-20T13:45:23.254Z,614.03478,1638,1,Toolbar Item,4
4,239,normal,2018-03-20T13:45:25.152Z,426.3172001,943,0,List Item,4
4,240,normal,2018-03-20T13:45:27.208Z,325.2427446,1108,1,List Item,4
4,241,fixBubble,2018-03-20T13:45:50.510Z,426.8684182,854,0,Grid Item,5
4,242,fixBubble,2018-03-20T13:45:52.259Z,313.6634035,1118,0,List Item,5
4,243,fixBubble,2018-03-20T13:45:53.895Z,629.2404338,753,0,Grid Item,5
4,244,fixBubble,2018-03-20T13:45:55.058Z,289.0837395,655,0,Grid Item,5
4,245,fixBubble,2018-03-20T13:45:56.627Z,570.5909922,1094,0,List Item,5
4,246,fixBubble,2018-03-20T13:45:58.665Z,442.4166649,1330,0,List Item,5
4,247,fixBubble,2018-03-20T13:46:00.060Z,519.8648483,925,1,Grid Item,5
4,248,fixBubble,2018-03-20T13:46:01.638Z,441.2087288,1057,0,List Item,5
4,249,fixBubble,2018-03-20T13:46:03.037Z,306.4320162,969,0,List Item,5
4,250,fixBubble,2018-03-20T13:46:04.328Z,310.8268296,937,0,List Item,5
4,251,fixBubble,2018-03-20T13:46:05.446Z,604.6379167,740,0,Grid Item,5
4,252,fixBubble,2018-03-20T13:46:06.708Z,252.032332,647,0,Grid Item,5
4,253,fixBubble,2018-03-20T13:46:08.355Z,116.9465494,855,0,Toolbar Item,5
4,254,fixBubble,2018-03-20T13:46:09.715Z,220.6712627,945,0,Toolbar Item,5
4,255,fixBubble,2018-03-20T13:46:10.918Z,338.2193344,842,0,List Item,5
4,256,fixBubble,2018-03-20T13:46:12.316Z,344.0167951,976,0,Toolbar Item,5
4,257,fixBubble,2018-03-20T13:46:13.723Z,260.193569,760,0,List Item,5
4,258,fixBubble,2018-03-20T13:46:14.618Z,188.2272789,546,0,Grid Item,5
4,259,fixBubble,2018-03-20T13:46:16.757Z,712.6624016,1753,0,Grid Item,5
4,260,fixBubble,2018-03-20T13:46:18.258Z,346.8545756,924,0,Grid Item,5
4,261,fixBubble,2018-03-20T13:46:19.548Z,343.2837502,811,0,Grid Item,5
4,262,fixBubble,2018-03-20T13:46:22.245Z,696.4214414,2107,1,Toolbar Item,5
4,263,fixBubble,2018-03-20T13:46:23.875Z,623.0857073,957,0,Toolbar Item,5
4,264,fixBubble,2018-03-20T13:46:25.215Z,474.7089466,779,0,Grid Item,5
4,265,fixBubble,2018-03-20T13:46:26.330Z,499.6435459,655,0,Grid Item,5
4,266,fixBubble,2018-03-20T13:46:27.599Z,289.5765325,778,0,List Item,5
4,267,fixBubble,2018-03-20T13:46:28.836Z,458.4829848,815,0,Grid Item,5
4,268,fixBubble,2018-03-20T13:46:30.138Z,384.6581723,743,0,Grid Item,5
4,269,fixBubble,2018-03-20T13:46:32.015Z,367.7575019,885,0,List Item,5
4,270,fixBubble,2018-03-20T13:46:33.268Z,329.2573166,854,0,Toolbar Item,5
4,271,fixBubble,2018-03-20T13:46:34.965Z,256.1813495,871,0,Toolbar Item,5
4,272,fixBubble,2018-03-20T13:46:36.101Z,487.5346373,693,0,Grid Item,5
4,273,fixBubble,2018-03-20T13:46:37.742Z,451.1696389,971,0,List Item,5
4,274,fixBubble,2018-03-20T13:46:39.079Z,159.9649822,794,0,Toolbar Item,5
4,275,fixBubble,2018-03-20T13:46:40.379Z,401.4555767,862,0,List Item,5
4,276,fixBubble,2018-03-20T13:46:41.773Z,509.5367928,1001,0,List Item,5
4,277,fixBubble,2018-03-20T13:46:43.630Z,417.6198584,728,0,Grid Item,5
4,278,fixBubble,2018-03-20T13:46:44.831Z,447.3784714,674,0,Grid Item,5
4,279,fixBubble,2018-03-20T13:46:46.964Z,387.0216956,1370,0,List Item,5
4,280,fixBubble,2018-03-20T13:46:48.665Z,292.1396867,975,0,Toolbar Item,5
4,281,fixBubble,2018-03-20T13:46:50.364Z,396.2225922,838,0,List Item,5
4,282,fixBubble,2018-03-20T13:46:51.726Z,446.4170057,922,0,List Item,5
4,283,fixBubble,2018-03-20T13:46:53.027Z,409.3499682,801,0,Grid Item,5
4,284,fixBubble,2018-03-20T13:46:54.643Z,349.3044236,1000,0,Toolbar Item,5
4,285,fixBubble,2018-03-20T13:46:56.129Z,259.828801,999,0,List Item,5
4,286,fixBubble,2018-03-20T13:46:57.813Z,480.4584328,1151,0,List Item,5
4,287,fixBubble,2018-03-20T13:46:59.491Z,395.878129,1005,0,List Item,5
4,288,fixBubble,2018-03-20T13:47:01.216Z,170.3913708,1247,1,Toolbar Item,5
4,289,fixBubble,2018-03-20T13:47:02.601Z,283.1617629,883,0,Toolbar Item,5
4,290,fixBubble,2018-03-20T13:47:04.432Z,330.2899755,824,0,List Item,5
4,291,fixBubble,2018-03-20T13:47:05.669Z,314.5028505,830,0,List Item,5
4,292,fixBubble,2018-03-20T13:47:07.039Z,367.7828242,1006,0,List Item,5
4,293,fixBubble,2018-03-20T13:47:08.417Z,326.5439754,869,0,List Item,5
4,294,fixBubble,2018-03-20T13:47:09.761Z,377.5834914,939,0,List Item,5
4,295,fixBubble,2018-03-20T13:47:11.385Z,578.7280003,1100,0,Toolbar Item,5
4,296,fixBubble,2018-03-20T13:47:12.585Z,203.5555397,644,0,Grid Item,5
4,297,fixBubble,2018-03-20T13:47:14.008Z,361.5715596,885,0,List Item,5
4,298,fixBubble,2018-03-20T13:47:15.396Z,404.155969,909,0,Toolbar Item,5
4,299,fixBubble,2018-03-20T13:47:16.725Z,368.748335,693,0,Toolbar Item,5
4,300,fixBubble,2018-03-20T13:47:18.519Z,538.0710503,1186,0,List Item,5
